feature_0,feature_1,feature_2,feature_3,feature_4,target
1.0215186946082875,-0.5481663559692463,-2.079610149207306,2.9887989781687043,-2.282636916752545,0
0.21029665286915092,0.3788105294965933,-1.5581155650561165,1.7377495347195415,-2.0838062344391344,0
0.3122189314309777,0.2666727637833204,-0.8735067600910063,2.4227991502650217,-2.373238815201141,0
0.6135767022916484,-0.4879933162072253,-1.8249854137963937,2.3467513072421653,-2.1720249840562205,0
-0.0620014478135016,-0.8377094318949696,-1.4149381431109849,1.1246677109112513,-1.8266836981540842,0
0.8621491959437081,0.08507903197998995,-2.4547035711937144,2.2720626535447397,-1.9336529517407832,0
0.41509045079453405,-1.621394156122169,-2.872236505460343,1.0931181707969162,-1.5824440686479364,0
0.5921064172766854,0.03390078412545998,-2.7569694442068613,1.5582586104734286,-1.7390710476980566,0
0.4904615515077761,0.5957022501755148,-2.5404512246277138,1.4161470570641694,-1.671187165984973,0
-0.09524895241007882,0.20001485117174814,-0.0005710223736243858,2.168574380636241,-2.4302216514460033,0
1.380825679151801,-1.345583400104966,-3.33894777813106,2.8705477473033216,-2.0619853310059306,0
1.0614318391239215,-0.7005368280095384,-3.3377801928432653,2.11254147080415,-1.7839400478581693,0
0.7081572020040975,1.5991566845286143,-1.8095124087051542,2.6719229916940854,-2.3539332791231273,0
0.5795148386982114,1.723465340067103,-2.4514779587544764,1.780386165061476,-1.874689010298426,0
0.4910109377623163,-0.7707370597008625,-2.0106957189382926,2.031116391216549,-2.111186680191614,0
0.5674428892821859,-2.5108350014014515,-2.8742194368848106,1.394705757117097,-1.6526782692795727,0
0.41593563216334994,1.1040706092820498,-2.002132941762517,1.981898701029691,-2.1779513294384145,0
-0.25919944732393146,-0.2920085455130258,-2.309274829572129,-0.02859249787340623,-1.2813327465772641,0
-0.30028513110092653,-1.167534215312696,-1.8255657430881143,0.38587140123724306,-1.5962021893270737,0
1.0453853562023827,1.180490877972961,-2.969514310592852,2.341321231137266,-1.9079160805520101,0
0.4873833330816871,-2.627065356808166,-2.2638194642979093,1.6021422868027426,-1.7646029489945716,0
0.8937552371035541,0.7087186735179315,-2.058548273598618,2.7049583855926547,-2.1837984976170475,0
0.7960176089297412,-0.36391939348963653,-1.964427030220747,2.4356650866013037,-2.023353672057621,0
0.18921616805399954,2.441504342169468,-0.7889587086028307,2.1875743589822827,-2.2931985714168324,0
0.8722147104047747,-0.3279419202673591,-1.3654086662850369,3.230531531115771,-2.5027565070651456,0
0.2906751240279925,1.1414643179722508,-0.22986532556767902,2.9573612708151105,-2.720735202172128,0
0.46856698794395707,-0.6302185531976071,-2.506132185405677,1.478249548324516,-1.7586072288867345,0
0.20242768187903487,-0.28839220030029905,-1.3261889564717175,1.8603813044262305,-2.1357499218928835,0
0.6434089904387433,-0.10622149384201134,-1.284233834991259,2.8329426155722395,-2.42517424861809,0
0.43628704121179157,-0.08560808947124605,-2.0551862816147417,1.861696877127799,-2.039296184615533,0
-0.06121162357197878,0.7870308368716137,-1.624832631384756,0.8439155693105265,-1.6117925666357584,0
0.8701878171562074,-2.2332788193557644,-1.6718609020308017,2.9921709333739934,-2.374175305684556,0
0.4648967620461617,1.9324594974495528,-1.7888609772782984,2.0158417210330124,-2.0518932760339266,0
0.9118446084239927,-1.013805932639863,-2.5846142462078636,2.4403951562271775,-2.0798537656958516,0
0.22044072639343967,0.6301487764278614,-2.6935609654590986,0.6411550251921534,-1.3548055311825582,0
-0.002317520471567797,-0.5925095652129303,-1.4815402033416423,1.036294103982197,-1.6628880331889782,0
1.2363785611596245,1.3147798255965035,-2.9290428708293796,2.925418565948691,-2.1955716600528445,0
-0.4902724291483948,-0.5253888696369459,-2.2866294277780495,-0.4716646279608212,-1.1822842911780378,0
1.0960624736305398,0.785812009296809,-1.3145242106042612,3.8741074051855033,-2.795542149147412,0
-0.016066337565991635,-0.6754811770399278,-1.964367611172621,0.8873665438649307,-1.715217178242739,0
1.388712244400103,0.09682817740951716,-1.8728491098757536,4.058583460639699,-2.7301135901561566,0
0.6585249524783926,-1.5613523357772998,-3.407374161936458,1.1753495948462866,-1.4805679826923097,0
0.8053029619908116,-1.2646864317560584,-2.4706740151085773,2.211563815149313,-1.9684930512687737,0
0.30469682072583887,0.8442832280974177,-1.8896068492958629,1.6047308946905763,-1.9190956127553167,0
0.5609298613928894,-1.1343963827064898,-2.1751083013866435,1.88145544510994,-1.9042296184284124,0
0.35781632680599795,0.4881048177193057,-2.0455047338786314,1.6714069917270349,-1.9631006788224314,0
0.7668726062019627,-1.733826354483668,-3.0856485267311955,1.6691494759718422,-1.6989274588260899,0
0.744437408735445,1.4432895536319423,-0.6814692981789405,3.3667948674982426,-2.588980358724024,0
-0.05895849329868017,-1.3257937713542476,-2.0465970646933833,0.4634188156769661,-1.371619829670872,0
0.9914491631283633,0.33607116792566905,-1.9796337105738848,2.9748965069476534,-2.2782191298956973,0
0.5819923392863131,-1.245593911614555,-3.6613479854445288,0.6891522969060371,-1.1924620688359389,0
-0.01900665784847405,-1.5888184753202212,-0.7940382290738168,1.617299028281573,-2.0343232284483106,0
1.0727448326635665,-0.9082061822885704,-2.909899772425459,2.4022982613886104,-1.9045413645373737,0
0.544751437973994,0.06416712562467415,-2.610866558854424,1.5669726874680003,-1.7686102269824233,0
-0.04327895728142881,1.1511294059581902,-0.9692358520892999,1.5967285548828176,-2.1196948720052706,0
0.22478617187435893,-0.6053929239275391,-1.1381375372055242,1.8793816076051835,-2.0468733067312836,0
0.5822348197948823,-0.2781192303112381,-2.151304288605799,2.035786385521358,-2.022449765282326,0
1.2283663804565834,-0.5899092978657563,-2.643161392983461,2.9794670239272905,-2.154959759874856,0
0.433542404919642,-1.47423727889541,0.2454110331948609,3.4567762954597763,-2.829769551210978,0
1.0057852243744934,-1.1079830420429075,-3.550071838835443,1.7884074179661993,-1.615948469760807,0
-0.11952787677409221,0.559577061510467,-0.8395655218955078,1.3170023164134292,-1.8997461231556132,0
0.6292885010056934,1.3798386997400571,-1.3725736171041585,2.7422843800285803,-2.3870241937495145,0
-0.4382555041188195,0.38124426647807275,-0.1629282152557614,1.333693175012714,-2.1728915770933623,0
0.33183119282813556,-0.36158858057559284,-1.8908373663633542,1.6560354907528967,-1.9294152483590687,0
1.1848197528109916,-1.7021343999747023,-4.464544837257396,1.605318402239387,-1.4864472292434672,0
0.2720339454183672,0.5714083877187804,-0.6500770257048492,2.4356506247171517,-2.365656094625508,0
0.9747491524550491,-0.15556569452183558,-3.908959751055267,1.5107266044381424,-1.513371785116957,0
0.3804304143790871,-1.0698953290805033,-1.3976782181310266,2.129288078029013,-2.156926767622318,0
0.4202978928349345,-0.10735479071401643,-1.508325516473083,2.1069692975217555,-2.1115688908018178,0
0.10650175897803538,1.1650321048394572,-0.9192386203401932,2.0124384491999554,-2.2937936816295474,0
0.8080279325197691,-0.8979876415443887,-3.250931579810339,1.5354837794468128,-1.5557235319831901,0
0.4819416585874176,-0.1868033912610023,-1.5819821581326547,1.9972664579391464,-1.9249364078004136,0
0.2751759540702467,1.142699916235183,-1.8160928841365234,1.4750858334037504,-1.8025459888353568,0
0.40964088215543926,1.3005268585960061,-1.353425978125351,2.224845223931203,-2.192765633723871,0
1.0320379816369534,0.9362090095799499,-2.5676138227265453,2.6490748759926026,-2.0974079106605377,0
0.9236476780773009,-0.5951034386477235,-2.2015812116742173,2.746427676974386,-2.234045257501335,0
1.1055977305857814,-0.4595489411617563,-2.0352435409541374,3.332075939092225,-2.4894197032245478,0
-0.06258439402885435,0.3497695206060582,-1.2807740735638184,1.3741563642338508,-2.0376564158926174,0
0.2471038515477469,0.5225619208753273,-2.354098386531908,1.1067900767296146,-1.6691963245741859,0
0.4168947440440018,-0.6921522120768903,-1.893316268099752,1.778546564901427,-1.9210195274941169,0
0.34959798727679103,1.2902611290460646,-1.8697613732033782,1.6402029879182016,-1.875864376963902,0
0.4901807343151818,-0.47326504683304876,-1.0446064819310124,2.612850620417779,-2.35017375001538,0
0.08739689902959724,-0.65695517639841,-1.785195626430011,1.1442456600315252,-1.7478932858264398,0
0.6352378247712738,1.5133362783557256,-2.209057140586127,2.1373652902999316,-2.06539618662935,0
0.36192202071432245,-2.0254180833204796,-1.8298878137192485,1.8163235798059465,-2.025308624635851,0
0.8053948306501387,-0.7578561960058762,-3.2422047914645917,1.7299441240091582,-1.7606806318423693,0
0.7665513148505305,0.29760494279712235,-2.7000241300970065,1.936729178873343,-1.831425275347256,0
0.22263606700090782,0.08079162972197933,-1.481316501426587,1.7821001656062345,-2.0807046238505214,0
1.5503982803032903,-0.8327052186054525,-3.341143136838889,3.1907296105368106,-2.1238952585330977,0
0.577795735567832,-0.2641710099153342,-2.568305341441427,1.5236430109279278,-1.6531460609309596,0
-0.23912030436385975,0.7641052963280948,-1.5060604125281059,0.6549855155258546,-1.6561405861327425,0
0.7857530482375236,-1.0637896161020317,-1.8352697223614127,2.7279388130111144,-2.2968508923484108,0
1.075699300869345,-1.1501720603143877,-2.341322091324411,2.9045711859294814,-2.207403555121514,0
1.0977611375156209,-0.6528084841698033,-2.794851141181799,2.572917430023354,-1.9986266692535637,0
0.3054587161650879,-0.5361721666239897,-1.8941226329561802,1.510360940083563,-1.8205764489325158,0
1.2027768823754548,0.2886321508983798,-1.6546994309750298,3.7214513230235564,-2.5936117395447904,0
0.9004159765639403,-0.554337967313331,-2.6518506180934605,2.339745752387032,-2.0187119314134145,0
0.27055440350330123,-0.47434544190347283,-2.3462749832381498,1.1268793967486328,-1.6492390080230142,0
0.4084592915236772,1.013455821741101,-1.4450856307868514,2.2711904003499344,-2.278683254010713,0
0.108510913105872,0.184810302489739,-1.631082481884316,1.3730887113574037,-1.8943276506518703,0
0.4636677385029444,-0.24015281230749122,-2.153660294116546,1.8315723112836522,-2.0012939650273216,0
0.25479875885009234,-0.36624169747817953,-1.1483743539969486,2.064678702612006,-2.1966062272444526,0
0.19587302678771487,0.5310966022846075,-1.0883861085308877,1.7864608586285844,-1.9770444183617537,0
0.3747208723192541,0.09697017676084972,-1.3407053714609867,2.1653210416531197,-2.1820093842234183,0
0.7587225991243146,-0.8680639066752307,-0.8971465461529726,3.381476905835025,-2.6644534472886545,0
0.49803318337592256,-1.249395203059528,-2.2649332492034553,1.6887378289538417,-1.8386352516472555,0
0.48408348549746844,-0.564981911032076,-1.433789084634776,2.234610814074463,-2.1133345074877115,0
-0.8351618560309706,2.501645035135113,0.47936171763679214,1.0509966287884795,-2.2718773877371,0
-0.2220688670752188,1.308011915661778,-3.1157742509649147,-0.5571675818839803,-0.9776931360674477,0
0.6924068093387447,-0.5655112882176463,-1.16602494310797,3.0310361899004494,-2.507990342662853,0
0.607344730315509,-1.4494197291774182,-2.016477324494372,2.1363786417293236,-2.0352688802807015,0
0.8498489101115044,-0.07436859881871455,-1.9317973074287431,2.694590909231659,-2.19519106225982,0
0.730957375564046,-0.5422823377626642,-2.7947399700988336,1.8826823199138205,-1.868967188544783,0
0.7772642657665211,-0.6190727365172086,-2.1034726418952565,2.4394028051616177,-2.1113349359691758,0
0.5191511052086522,1.8065162106620096,-3.4090619228455843,1.065834949788673,-1.5922593447634101,0
1.2700677339982553,1.1833238104431567,-2.7239748521610525,3.2338249833160786,-2.3854453259718706,0
0.5196654288949557,1.6648018292404523,-1.627687493228603,2.4574594522968,-2.3643146357285083,0
0.636880607511238,0.5542247039460395,-1.9079856168988418,2.2846973354394735,-2.1011562166726656,0
0.5403941510487552,1.9928326252700297,-2.7066925454636475,1.4934119646522939,-1.7354616393940603,0
-0.5581929190917967,-0.7604181998113736,2.0197873841995704,2.6660620672492388,-2.9231776665689897,1
0.6385057261878312,2.484969953586654,-3.206319309264045,1.2800904726484994,-1.5453493721210108,0
0.5245102336118054,1.214973511292237,-1.3982059545248586,2.581698302471438,-2.3982761220815694,0
0.1270264729823083,0.6569471123242788,-2.4408879992954815,0.7081651260126709,-1.4790668038348316,0
0.2713290245603239,0.015227020617449225,-1.3162948212647563,1.9170405735925231,-2.079681307340466,0
0.8455107853017563,0.6550406137817893,-2.4875245046396968,2.287618995191148,-1.989616833356492,0
0.3795852043612369,-1.9700004554188741,-1.3221777537961157,2.171271645400016,-2.1732178541427336,0
0.45395779229894656,0.18151333150755436,-3.384231687694018,0.7742266282801604,-1.3823744821526196,0
0.7603981082114095,1.1154332973811345,-2.37969768901477,2.1152192466402093,-1.9050897987477189,0
0.06844833757619773,0.8074447180083516,-3.158977863607223,0.07874873126430226,-1.1906610860757945,0
0.9296996999302445,0.5987390159931402,-1.1439892435181291,3.5773928933832293,-2.688094135476474,0
0.6128114945191246,-1.7869457313398482,-2.292454395558467,1.9442653931410678,-1.9313081509064571,0
0.20353270874693294,0.22035182927354544,-2.487818030304868,0.9691774177763448,-1.6470328923747672,0
0.8732151605445984,2.414217312238733,-0.431374512465025,4.023680016999165,-2.972991390876469,0
0.6521438792244664,-0.566128588607568,-1.5838710338762807,2.704799142030139,-2.3921714367050946,0
-0.271014989064659,0.17698631145506066,-0.9850901755667496,0.8025418636321617,-1.6616529873031967,0
1.0244730287941712,1.7666554892914357,-3.588236607468902,1.7625617821222723,-1.573257241818113,0
0.6701541010334102,-1.3889081710291074,-1.8543896632264352,2.452104485312264,-2.2021977001244437,0
0.5870535021291158,-0.5540552934127837,-2.3900713920606496,1.7261472393812451,-1.781855958356641,0
0.6491452523295739,0.12652320501805506,-1.9604314095852355,2.2232826230351392,-2.0370651058119726,0
0.5942189722099451,0.4796797395099632,-1.3458140254554232,2.678231331392773,-2.3663405987448383,0
0.3190574371229413,0.15725843678529833,-1.9688852780330028,1.6450161509629346,-1.9686789207076563,0
1.1092675957645235,1.3907324875915426,-2.01172766301914,3.2248362820397647,-2.3618643197128826,0
0.42947186859255587,0.9965246338965807,-2.7062685574520136,1.0751399184398431,-1.4762186460484032,0
0.8930939374726522,0.8209668843684006,-1.3836691377158696,3.3025780913730722,-2.5515542691942033,0
0.13700504776636033,-0.12442732310641852,-2.1768048835820837,0.9529165174402763,-1.6178121026232852,0
0.2529034677340801,-1.4891464178991283,-1.2284745452162937,1.9025452818325188,-2.060454624124394,0
-0.2614787437713277,0.43374922088634593,-1.4006836495613117,0.5368325735586812,-1.5277427927454685,0
1.6759097495673567,-0.4702435923032813,-3.1326214046699508,3.561550252333579,-2.2290641012561725,0
0.6909584054704626,-1.0843712084571229,-2.2980794603845336,1.9966353174720344,-1.8617378512566696,0
0.2916314932281151,0.7917964128034704,-2.447808361076695,0.9994908085554948,-1.5205736274522192,0
0.5128965882741003,0.4990855654659427,-2.5265723617342744,1.4068465040004323,-1.6196994641009175,0
1.4450930075224386,-0.45379248516408377,-2.8128163830971644,3.488214351427697,-2.4029115590702532,0
0.6093314212192755,-0.5939031720203022,-1.3167437752591042,2.734574954232047,-2.3897457686263954,0
0.6258031636318246,-0.610022977498356,-2.0727197983976695,2.0349768323821853,-1.9206410160995684,0
0.46559224045660674,-0.28879530269948617,-2.8489701254446813,1.164674686870041,-1.5666777635321887,0
0.9835454030234595,-0.015917845002242307,-2.3224654791089816,2.680484348902941,-2.1143866615238283,0
1.0929388355162608,0.18729554982321833,-2.2302046415957353,3.05576938903916,-2.295234589126899,0
0.4833156859297592,0.6526464071770783,-2.110198519590306,1.7909875708110132,-1.910081380923468,0
0.9472565707444549,1.5351487200075487,-0.7555966819819284,4.025511404907888,-2.979986211135612,0
1.0553207198652281,0.0001866646349733769,-0.8357186764235642,3.9699711553391577,-2.7774251486139905,0
-0.04779648449026703,-2.640897679343706,-0.6441001271236646,1.6789692492558155,-2.087853070097248,0
0.49821156665494604,-1.7645959092770471,-1.077545719530554,2.6435392136750475,-2.382067429870954,0
0.5533017505498068,-2.899893780274999,-1.41320214958666,2.4338991971815207,-2.2022928672592554,0
0.08444072399992072,0.08528423349335175,-0.9604084521835512,1.8315807163438158,-2.155664780554072,0
0.6305901211156348,-1.4896374214361092,-2.2624880977870494,1.9803118944818439,-1.9287463785056924,0
0.9315716890865464,-1.1378071596536348,-2.912194267631385,2.186643297129706,-1.9080062758420948,0
0.12913149081566475,-0.20902109965135976,-1.7986336919896266,1.4650271522915705,-2.022027017136023,0
-0.09051302517866044,-0.7922089061846919,-0.895386183160833,1.4930503950544776,-2.0589812756980295,0
0.004171336399523901,-0.9159247272624271,-1.01055977486702,1.600897873070699,-2.0630877878440748,0
0.9321909273135738,1.8272615049570138,-1.6659950620214228,3.127879034248952,-2.4137942324587676,0
0.6933508594413188,0.39167061561527167,-2.374533853540954,2.0701224419215607,-1.9644748549134325,0
0.04017477936547985,-0.8259841780265164,-1.5193367366404285,1.3463161149624994,-1.933902477583054,0
0.2863958512260577,2.569907035475335,-0.6442656315477351,2.664775812755135,-2.5805605298783862,0
0.8246374660817728,-0.14428794263673994,-2.353614370271534,2.2847637928543905,-1.9687876949729444,0
0.29903960011971914,-2.7222777409231447,-2.0151757066432774,1.6080790950169925,-1.980235709660373,0
0.9961880056312361,1.8095149185186066,-2.221630672667418,2.784693804684524,-2.164330988828122,0
1.095481783202291,1.0401885647927522,-2.9644153687194503,2.3253926852538553,-1.8080155867374743,0
1.134522874369248,-0.019468699077097074,-2.597862029776989,2.905089287603875,-2.2115746010874346,0
0.5293702169669522,-1.7794294488516276,-1.4311427058339543,2.380080179310019,-2.1915399695916027,0
0.5967124750626684,0.4739340992113509,-2.1270717078419543,2.081751676051309,-2.037860428848936,0
0.7556489914330348,0.33972385937475696,-1.5476154902703372,2.843553952900209,-2.3559757766996485,0
0.4607343012313431,0.06863704842771541,-2.5559876792528935,1.4114377724984872,-1.720435805761138,0
1.2987077705808627,-1.6553688814058016,-3.6728130404516337,2.2340477529205924,-1.6560441414796578,0
0.16503122983302318,-0.7898474390492546,-3.0596047739483736,0.3176052824176012,-1.246373112176748,0
-0.22542658177361352,-1.8460482504440554,-1.765532162750007,0.394690183485612,-1.4609264042756958,0
0.09977242437037136,0.2349778748162469,-2.826703955257199,0.5136487011334621,-1.4680176646124758,0
0.08320855896411682,-0.22094226150476054,-1.1169980643289281,1.743899603293447,-2.126080163819972,0
0.27117262649779045,1.698092906333733,-1.8422225898860858,1.3456499504754362,-1.6832966482142449,0
1.0227597583284773,0.09110086660612234,-2.1372821466435625,2.9353314642289368,-2.2467737358051307,0
0.2915042576171941,-0.5615879353732794,-2.1461094722524545,1.3194136227110413,-1.7400682251586312,0
0.35877774537302337,-0.03151232442302292,-2.9456021929528022,0.8561511236930379,-1.453391276636425,0
0.7078207393368385,1.0080040042932596,-2.032659786463534,2.415741501772207,-2.1717652610044844,0
0.7140012922326149,0.8280660763723794,-1.2084490452885461,2.9829993347818524,-2.4389440802309177,0
0.38606679939185035,-0.6544018951685149,-1.7852478374184,1.832784431590781,-1.9862113762693239,0
0.6464194801486481,1.2237103406692909,-3.1448511244861708,1.127640631263622,-1.348827427668112,0
-0.03478300698018839,-0.5895673839924012,-1.7349876641258,0.9945116131732747,-1.7694794420598539,0
0.41826400056256013,0.09412426778927614,-1.73002253890188,1.9921751960865135,-2.079957108131421,0
0.6470506056280348,-0.2323044937361695,-1.9132670353303272,2.1948560491046085,-1.9924318272499935,0
0.20441353768801984,-0.639230561280132,-0.654137393867755,2.253568855520089,-2.2857855429982985,0
1.1891802900809374,1.2030478522059247,-4.900087377865665,1.1348178413091352,-1.153729698208839,0
0.6054380254974976,-0.21347213599941883,-1.7515884543572389,2.272055455126748,-2.0785154348000887,0
0.8830889434696609,0.8642436147342264,-2.2090378349878526,2.575691870174862,-2.1235175875047627,0
0.4347056994973233,1.197186484622428,-1.99816322956662,1.8312422989200063,-1.987898339170574,0
0.14762251934692122,-0.32894408535730224,-1.7469343615605901,1.295518488738436,-1.7942258363392538,0
0.3722902927540242,0.41076218957588423,-1.663648658363934,1.8554917493825793,-1.9854510599082793,0
0.5221224907124735,-0.791709350567595,-1.665910051674413,2.3076586332025264,-2.2178880645452885,0
0.7081164928404908,0.187538784413962,-2.490510943359049,1.9470952631545397,-1.85619207493234,0
0.5093664901755418,0.8947235146471376,-2.739825606804763,1.1835999956903949,-1.473451229107003,0
0.3830451349021419,-1.4760670917717218,-0.36170085615445013,2.9844166340874136,-2.650244709412918,0
0.9831225614764354,-0.29859673760962646,-2.3125186713681796,2.894306631621232,-2.335606938713977,0
1.2405731545387821,0.1443434672966939,-4.099678147277739,1.9056491453434312,-1.5704116154962742,0
0.4950015431103492,0.2820026250168557,-2.6478436454476006,1.3488526220005643,-1.6346527335166954,0
1.1965126354802174,-0.8082184087866364,-2.4310355579874114,3.2409978919886555,-2.39918222848972,0
0.2595762667755754,-0.429063876901458,-1.3581278200705673,1.9346991974405876,-2.1334079937143704,0
0.7486173576513375,-0.7242465320583404,-2.3509145466880748,2.21559643941039,-2.0184124621275132,0
0.7913937724605011,0.2963644392546358,-1.6465125763877149,2.85570970666508,-2.348943205451089,0
0.26044549807775036,1.0527915569027135,-1.9820865310827187,1.3576110460794903,-1.7672104130886643,0
0.6318163113384533,-0.8595000398001769,-1.9309566224701853,2.285741651283823,-2.119326642055821,0
0.25002700395403626,1.569866436259967,-1.0168767200561473,2.081594192031837,-2.171349768829653,0
0.6469617261315774,1.157346311723567,-1.5109787499204217,2.529646229177559,-2.188649415220494,0
0.5147636725263964,-0.575881712458321,-1.8748336351211516,2.187182798697623,-2.1840181179344555,0
0.16882157493030642,-1.216325832795099,-1.47062247527325,1.6213438450918938,-1.9951356023828901,0
0.9581001684021826,-0.8214695290296501,-3.047695667175443,2.0232050043925045,-1.7457820536481066,0
1.0409763439098183,-0.23937685150891483,-2.6264062888613555,2.642842888062062,-2.099064225299078,0
0.6731994968499234,0.7932854051651251,-3.774932161808045,1.0417342638627796,-1.4584032244848903,0
0.026744484273141654,-2.21004278929018,-0.673629403007304,1.9382157243022895,-2.2504377147249857,0
0.8287991359525,0.22374831957430621,-2.5917262033208437,2.1409898474703697,-1.9030558043498806,0
0.5363796837707657,0.7591785027052609,-1.9885798120076463,2.189865005077109,-2.195680700285781,0
0.5681746276257432,-0.4927727282429369,-2.177767669406176,1.9471160402337497,-1.9624108436763112,0
1.0486650419474821,-0.06184008396068339,-1.4991439308356957,3.5051032487236915,-2.5564143554878913,0
0.12780481200521016,-0.5382361859911543,-1.3203446436904474,1.6561798327785882,-2.0401988242899556,0
0.272932903243235,-1.595636760889683,2.917891520840967,2.546268486914868,-1.103454163342744,1
0.15098955345398446,-0.6793845698063502,-2.2742022514017446,0.8030627363937362,-1.4754757828917549,0
0.8823332253661996,1.0357246425830327,-1.8257354896559845,2.8812372022836423,-2.297454748826196,0
0.17576311591592098,1.1646149903103564,-1.387988314669621,1.586748429224052,-1.9156920414941447,0
0.8406492800617198,-1.1784403468600457,-1.3590564239871776,3.052724844939843,-2.364900126565335,0
0.34107567322268884,1.0045929091264905,-1.5320282981422428,1.9495220093173242,-2.0839373938042725,0
0.6117537628429911,-0.08392725487267538,-2.0802402023975306,2.067395733113965,-1.9803390485464183,0
-0.1141590019462371,0.02925147970187543,-1.0902408319853276,1.2128406940186558,-1.8784720431019715,0
0.7116945966454451,-0.3326571805631725,-1.1543200012253547,3.064538028519542,-2.5073583897729863,0
1.335239086218766,-0.7844906432421096,-2.471914023877119,3.3559591342159436,-2.3106814145895727,0
0.457540394294351,1.4182403547575644,-2.028547684098746,1.8410135713849072,-1.972856084430752,0
-0.32349475149059254,1.9898550733375573,-1.0745172293409504,0.8362032444430552,-1.8165661181496628,0
1.0183146487418913,1.1029277327426599,-3.202923532586831,2.1806634993517555,-1.873287842635045,0
-0.011307975503924593,0.022203934542636587,-0.6789289684477295,1.852734627841001,-2.2244758869892367,0
0.6432755936390023,-0.7563234246285745,-2.9688131319818285,1.5686997955559077,-1.7488168887125648,0
-0.2861575286901065,-1.9854610204177623,-1.0441325484725739,1.0341139971630064,-1.9519849303310195,0
0.14122134051422044,0.5963970691176537,-2.3263151992050943,0.7946197872878176,-1.5025623875972405,0
1.472558426443457,-0.33849396429229733,-1.981344360533132,4.099799120562111,-2.679294663113348,0
0.4746235901163598,-0.2283383352994422,-1.9710360382402676,1.8997725220413146,-1.9846256388962826,0
-0.42532337060915004,-1.0418475454405287,-0.8724581834340068,0.7611253025644253,-1.8249009994426384,0
0.8101758141931068,-0.25018783320716287,-2.476148891085553,2.0168454646975245,-1.7583791799476796,0
1.1416111641023379,-1.2975096399822306,-2.1080539458652336,3.3502502280497692,-2.4782006701310113,0
0.36316156756541307,-1.0563279993057415,-1.1717891020331415,2.2948153604168695,-2.271451822630633,0
0.20812511786124252,-2.3702524800658122,-1.6960839329474644,1.4997042691496438,-1.8907752573301244,0
0.7811290146388851,0.19332032475446598,-2.0282662020467117,2.411127587486547,-2.0463778921571065,0
0.9090034190970983,0.21294997367162288,-2.3308069575192696,2.44660438332594,-1.9930355531053694,0
1.3680677414803233,-1.3834625118283659,-3.589442086974211,2.555670634216395,-1.8489163685714203,0
0.5286502693155433,-0.927784109060761,-2.8527711112569127,1.417111664524231,-1.7308053910770997,0
0.6169561008216741,1.0478511314651566,-2.9688715723830885,1.4490224345954563,-1.6659269968310226,0
0.376085604233498,1.0951604117202318,-2.201919327956582,1.2872025747957805,-1.5906771364529835,0
1.0243854516773867,0.01424416401371203,-1.8225622896995002,3.1277859912928485,-2.324643794380975,0
0.4666248951728798,-2.206418848383733,-1.3711491988119768,2.5162202716817275,-2.4129724842529336,0
-0.10669722527229288,-1.0585037209958124,-1.0428935305427307,1.3132992737827025,-1.9535197319682247,0
1.1333033413008518,-0.2621451438679057,-1.4069126324381163,3.771215507031523,-2.6628479484197287,0
0.21603245697627427,0.40191895517392295,-1.3697539255910152,1.8532697973063783,-2.1230418974342298,0
0.32339708811973045,0.5863329755781368,-1.5474624120310216,1.8434160660746333,-2.00721281088449,0
0.4336690601367093,2.444582752582506,-1.8196756682261253,1.8450207883755074,-1.9351619237882096,0
0.508318246576147,0.15187760961393976,-1.7273928930237705,2.176317125465641,-2.126170911783818,0
0.253959268568162,-1.5215968426326696,-0.064018036071539,2.8612353214618897,-2.615393538001185,0
0.3248198382012273,-1.8259842416276302,-0.9679629486882833,2.3232828620225887,-2.284832019292665,0
0.5881250010604696,0.8010809637881857,-1.5061610850257117,2.5482757726081897,-2.3017276562716074,0
-0.8144522018200401,0.3770920937424761,1.909254832492038,2.1432268600610396,-2.8326545844886675,1
0.9945737708303942,0.5469610954632903,-2.0377758474735193,2.8792962616175664,-2.195271974416788,0
0.7344332034793039,1.4294578020440076,-3.4666073353994387,1.2070951223691173,-1.413671501446577,0
1.2412940002080564,-0.5690273622751935,-1.911075237374959,3.5923491820511053,-2.4946249247700525,0
0.5159216965228013,-0.13414517626645758,-2.355830339122936,1.6398926992528013,-1.7934540336640556,0
0.04830998987630774,0.7754237330893744,-0.41656018502028735,2.269507090890507,-2.4639145309740402,0
0.5546438507793781,0.36141552377197955,-2.6534387765606757,1.543499415092216,-1.7443686347684664,0
0.7771206456607005,1.8381007079616358,-2.1251966437007463,2.3856952607255897,-2.0635930435223666,0
0.5560284974544586,-1.8604479999243069,-1.8160734938662402,2.154695502293945,-2.0603529801316203,0
0.5664035538246899,0.43350549994684245,-0.3736931470406033,3.415246299324859,-2.8096925519245306,0
0.6069566895720693,-0.8404709356859309,-1.26373405310077,2.7247812006311465,-2.362863183281188,0
0.13629324245244134,-0.44309487395607067,-1.6369248303975032,1.3665353923524026,-1.8446635846339126,0
0.1815478344813089,1.90329268772716,-1.8470774370337335,1.3579935129771696,-1.8434260726123972,0
0.09637164607500907,-0.3255873571531219,-2.3521772572407076,0.7396327286594087,-1.527553969714341,0
-0.33135215304065835,0.7099291292005268,-0.6358467239414138,1.0178323711809705,-1.8506204664830515,0
0.6048718945781395,-0.09530972104935061,-1.6714369907786497,2.4499684681764733,-2.235196026157747,0
0.34315409644529715,2.1640073739123564,-1.9447456825303953,1.618576458633036,-1.892553032262079,0
0.7483922424579583,0.9939297571216518,-1.6076215141273549,2.8943082126348636,-2.444154718676405,0
-0.3033681076777089,0.02879081373848167,2.4097142550389155,1.270786869971407,-0.8954556613205589,1
0.05296222048682892,-0.2133297993092693,-1.8622377385328976,0.9283559367613008,-1.6069069701449092,0
0.529358529972291,0.07698314140715402,-0.969177250229954,2.66254163087615,-2.309693146638965,0
0.24980418777334032,-0.5869656870923221,-1.3278165763001013,2.04611437460886,-2.2544670863493823,0
0.2888139869724206,-0.2690165464148226,-2.597573559508911,1.0521574402322615,-1.6381988191280161,0
0.75205758729916,1.9353203365984042,-1.5476923178168525,2.899113572371972,-2.42012908964272,0
-0.23957966537347378,-0.629352099686685,-0.8928523149026657,1.1147775859760394,-1.9027382536593858,0
0.7867417588807638,-0.8650714271711278,-2.1116795282921106,2.5954054014050314,-2.2628368768546863,0
-0.12945026437937143,-1.3121824775277826,-1.1622325570695557,1.2198256940783176,-1.9383729571767687,0
1.094188592411305,-0.5493598549354416,-3.0643347254498505,2.4575329418027767,-1.9873299468524492,0
-0.8236667570703942,0.8986484586849005,-0.7410048086454228,-0.14034739664665352,-1.4740312141609477,0
1.080793983699529,1.745871336135157,-2.5419400381389243,2.791121283285817,-2.157511091144369,0
0.12557314421553317,0.4508913752125149,-1.1515654528188928,1.7821168233525442,-2.110838952623785,0
1.1854930449310372,-0.3119870086480041,-2.0733118633985774,3.400365014369461,-2.446238802840598,0
0.9660004747734613,0.6052237010182555,-1.5649525969917737,3.249716019918755,-2.4478390477866827,0
0.5855847041627305,-1.4281484954450976,-2.2762064076491964,1.8874741065685825,-1.9095859274094646,0
0.047122023001706294,1.4961022334255598,-0.8145938370167976,1.8720887888617026,-2.20240680167213,0
1.2487167684247402,-0.5124052146241178,-2.9150220199071004,2.8052757180677226,-2.0440868995960635,0
-0.40698032135183976,1.5753894740561654,2.066660813711183,2.9591515025738024,-2.9674894727182073,1
0.9210009484211011,0.6983208157562021,-2.6946391799226523,2.355561164493262,-2.018445941186642,0
-0.1191069987641463,-1.5534277984667928,-1.8506613000547436,0.6454778852756042,-1.584569175714101,0
0.8453536970543356,0.8266415353898965,-1.4808391381373014,3.1465504420084756,-2.5027223858410763,0
0.39689065795187517,0.7439016768802931,-2.7752939853620044,1.1052093445476712,-1.5872295823344114,0
0.19868528988462522,-2.2363290283141453,-2.1446519981771694,1.1549913269381533,-1.7174522215208436,0
0.8853866906459797,-0.2766358691614466,-2.321174242559941,2.668387572999923,-2.260333639154505,0
0.4925367858430819,1.2046744399937044,-1.7934276668995752,1.966467223508348,-1.9570335329698951,0
0.4245750800020287,-0.1946766623579972,-3.0464940597119234,0.9497327889837672,-1.4838497943692728,0
1.0785444122739514,1.4458646596420308,-1.3981801780867456,3.660251177536314,-2.631815935959245,0
0.531876829429994,0.33869836883918525,-2.817264458845537,1.3895051425498255,-1.682904194712941,0
0.2410378752575929,1.2010147611718904,-0.5093628720072205,2.5217808451776285,-2.451989104859166,0
0.023122763648957247,-0.503504161887299,-1.446514029926582,1.250206764977459,-1.832595074235937,0
0.05671185085246095,0.029102708325022607,-0.37804855176992147,2.384729034297588,-2.5563394986643684,0
0.41554630404848725,-0.5930721344322301,-2.2270068694328713,1.4910969636782112,-1.750337994154956,0
0.3863542897833959,1.621226879726228,-2.6493990711993805,1.112190724362892,-1.563056653565928,0
1.6582067144451687,1.4555808184893537,-3.1068515275328883,3.63747610085022,-2.3274931209635175,0
0.8383564108712129,-0.31242179149504906,-3.6936193467614125,1.3912953705737678,-1.526076530572849,0
0.43197609491671163,-0.9070081583826592,-2.8379962461644266,1.088879116618283,-1.5374073913849458,0
0.43304534614315926,1.4003997947952824,-3.0843262061129453,1.0508106750872255,-1.5907816986619276,0
0.7425926495286244,-0.7219633271251292,-2.256963923241207,2.2677623583051743,-2.04666593461123,0
0.19732827696106045,-1.7204456102367125,-1.8437605227304463,1.3751541385525705,-1.8345696246590075,0
0.5037362684412723,-0.6041676033158545,-2.420266447692548,1.601143359261275,-1.7974130129410988,0
0.4746868800788487,0.18676205484824018,-1.2932659409787377,2.5378615419355954,-2.3925573202157526,0
0.7091970070463045,-0.4691413650790981,-3.5179430944715917,1.2604588175835603,-1.5303919404898876,0
0.8152445334611201,-1.4627663071111208,-2.4912561288945003,2.267256189021664,-2.018758109860359,0
1.397243202988675,-0.10611951556933184,-2.1887843445028805,3.6451937712994793,-2.404409231706004,0
0.5228934185297904,0.5108629891483177,-1.9725884015221002,2.046274784339299,-2.060698872040993,0
0.8754846448336268,-0.37670042990356545,-2.0238386919430633,2.650775948472461,-2.143169672244566,0
0.43103560280838743,0.5336479953688871,-2.559391064721129,1.3381546685812724,-1.6929986998704787,0
-0.2829955501666504,0.5074209278332887,-0.8438772558937047,1.0060709277186772,-1.840156544495931,0
1.0075328539399133,-1.1177788402369702,-2.605589803280121,2.709026944373489,-2.2147012590153676,0
-0.1576885656644147,-0.3961260979892287,-0.39360210007513574,1.7763801146272578,-2.271568994516763,0
0.5509264444981307,-0.11994127362647256,-3.5421722613139766,0.8038213205546998,-1.3171666215717908,0
0.45485934525585525,-1.6722497745673186,-1.5266736257838414,2.249140587644088,-2.2118032290937224,0
0.7558862992169891,0.2214776976759162,-2.061881115485539,2.495918002082803,-2.189248144934021,0
0.2811932080876396,0.51651728439791,0.0960393311796417,3.1426492688743473,-2.804777188285927,0
0.7231473579175344,-0.36010595263818695,-4.182299313236884,0.8393288284172966,-1.3222291613897506,0
1.0735486796463423,-0.001736523275695409,-2.100811884991433,3.172822417861923,-2.3995690114599553,0
0.9992334178335613,1.507633558913684,-2.205405293561167,2.8775463388635742,-2.250566753022314,0
0.2501904350901104,1.183227173712846,-2.3007870836566813,1.0717244200470317,-1.6068243449756718,0
0.5196840093057441,0.7322345071326534,-1.463386321074727,2.431290905203749,-2.2734235802083442,0
0.38854768109696725,1.0728867429928937,-2.1869702551980894,1.5570566545299023,-1.847874176309881,0
0.21139552450625035,2.5546863259021158,-1.5153698192575362,1.817032985064885,-2.148725402166313,0
0.7213096650659283,1.2526157196195573,-1.5662455815108214,2.819435716682886,-2.393528826022022,0
0.20275458892208736,-0.1358547163882445,-1.7390161500136903,1.5051791047297622,-1.9217940024229752,0
0.7554448899394403,-0.08152282681934891,-1.7211765927418938,2.706759844106694,-2.2797370302721554,0
0.9028095393504191,0.1798310795379064,-2.3370588866572346,2.610508739668446,-2.177481840707756,0
1.224824825195495,-0.5487491334148188,-2.682539823000938,3.148129148488297,-2.3528814989379843,0
0.7037444783437456,0.44350172058452486,-1.7000518919117882,2.518535315145601,-2.1578919577038187,0
1.1266926749186537,0.847932173353264,-2.088547959053887,3.354371845136588,-2.499185086869036,0
-0.40222423228916654,0.07343451924111885,-0.7509863048925043,0.9161501152419769,-1.9032520282229397,0
0.8349315334872778,-0.7065605788334728,-1.2323636937763096,3.196052138151309,-2.4756809087254914,0
0.3704194405642601,1.8276809829496963,-3.0545268100754726,0.9212603157404984,-1.544871429628586,0
0.6335215314852577,-0.4652168666180802,-1.5682875844599926,2.56502527838207,-2.2696785311744816,0
0.16938543782832827,2.1205681204305016,-2.1431625713792224,1.1562889418740525,-1.7657412388598228,0
0.7723850627030814,-0.7658600900863026,-1.8270133682114362,2.6119738928290164,-2.1936505701753255,0
0.8380000090333919,0.9994190326779112,-2.2733607211745746,2.4948610208197164,-2.136619421029213,0
0.09723876916859421,-0.5974233651432281,-1.5256277818094768,1.4894718273772418,-1.99403515536276,0
0.6148431169939933,-0.5553080553860471,-2.430589750099235,1.7538272582634695,-1.7814835217302483,0
0.6472706210061482,0.8618168032188236,-1.5577739811584852,2.540783472091891,-2.2178929313393123,0
0.77881699407542,-0.5411253725348428,-2.9433887974325157,1.8901407285147915,-1.8565628003000791,0
0.7704675236603264,-0.8403915362054409,-2.9124650855575354,1.9124055500117598,-1.8815297986348423,0
0.17578708314208252,0.6494973648592396,-1.5233744787853962,1.5747377174605224,-1.9552931250423664,0
0.2453901098109673,1.5080475914191533,-2.5734943595576945,0.950348573313522,-1.5924751257050587,0
0.7512446504398048,0.021060198364359507,-3.9808945738537274,0.8703662355420385,-1.2315267960231964,0
0.6665016426574735,-0.3754938863522174,-3.592230866225452,1.2408068379939228,-1.607656166457827,0
-0.22161259049036616,0.15971772868210007,-1.3453373878432986,0.8864166197963592,-1.808586744805559,0
0.9496856983894381,0.07575934319837979,-2.6851052253027925,2.3641710416551818,-1.9772967742137468,0
-0.5233906984235195,-1.7967380129780532,-2.1275510396252417,-0.567490538688034,-1.0740369249779416,0
0.41299507532926605,-1.5081878543539287,-0.5626553624199466,2.886248541616096,-2.576221628648893,0
1.3510777272826004,-0.9851944027873477,-2.506659210832062,3.4539137579633747,-2.4011988253244856,0
0.7555338784937045,-1.0249923138187629,-2.048906574756242,2.4858844222474685,-2.17428416742539,0
0.4005898693815831,1.32596997047509,-0.8036303979536057,2.65743953847694,-2.449222497965226,0
0.41804846339475565,0.502714891773257,-1.7292754035307736,2.0350833049182095,-2.125043591007494,0
0.5271959937025879,0.5597004724114222,-2.191236027113158,1.6953272257454635,-1.7698313007472748,0
0.7600483903646945,0.07714478588312636,-2.0545256751150194,2.411245891299696,-2.09081190475826,0
0.4544814043719338,0.06884573128385278,-0.4434089463557336,3.0145697291822313,-2.597600081146749,0
0.38431079222640313,-0.16552815135332738,-2.839365699736312,1.1038158208486917,-1.630886515767215,0
1.0548569966597965,0.4788187482130753,-2.783864577883247,2.5149487355182174,-2.0031159997757517,0
0.47548632557303816,-2.2562499347482268,-1.74131263142008,2.0644434838033874,-2.067376866353757,0
0.6855537853481123,1.229774224521937,-2.9768193430322514,1.660948166752304,-1.7801634652460177,0
0.41871731861798517,-1.1956237708552124,-1.1719634032928699,2.3102309382515642,-2.197626065443376,0
0.7579494688715683,0.5956440575697195,-2.1148121563939464,2.50512165037836,-2.215986262252065,0
0.21169510988641332,-0.4847906763568931,-2.0133154423571202,1.2918346809401107,-1.7892752497782123,0
0.5655329439491513,0.15964776940790298,-1.7635037943034324,2.1413104493540738,-2.0106126755139226,0
1.7713575089983258,0.3443557692879563,-2.2438403399005864,4.574555892071237,-2.7943452832634215,0
0.6293748962984299,-0.8067463802094889,-1.953795871669913,2.282961203574771,-2.129180411189432,0
1.3944798298122676,-0.31676510593564716,-2.9461249204348334,3.185479046675014,-2.2187359190959803,0
0.1395049704940662,1.9044335081747408,-2.5548935493275553,0.7698570701211616,-1.5675650800102092,0
0.7004968061033336,0.21482650611660128,-2.0357242301128626,2.2907681495741192,-2.0536816434167853,0
1.1482094362231945,2.633537940031605,-2.717042078969453,2.696159973179251,-2.0161363631024343,0
0.19364069545235615,1.4580252755643248,-1.335971296948768,1.6811551179175808,-1.9657007239993234,0
-0.3782411121097488,1.2083478175735631,0.39012176339101545,1.8502569920756577,-2.4042338288786604,0
-0.002449333259765246,0.443523738462415,-0.8908978137846089,1.725541871054526,-2.1584402869320893,0
0.4576503827089932,-1.645592614041814,-2.116701759618361,1.6713814557212672,-1.8286925941911216,0
0.8782705073288487,-0.3693867320636845,-2.7583858276566176,2.0623927867821434,-1.804686685966813,0
0.4393606080628942,1.205956017904542,-1.5922359961195296,2.009833898506566,-2.011114901270515,0
0.35302698130444,0.3314852620217588,-1.392691759926641,2.0618686255730747,-2.1286839658760184,0
0.4794750649708812,1.4644543122672997,-2.078704388134262,1.8594553701686583,-1.9760011349754525,0
0.7058436956103972,-0.010937837016195572,-3.1856490891967875,1.4249566053978326,-1.5802163616902445,0
0.7924090871717563,0.3450753769458505,-2.9736304604731725,1.7623233197667818,-1.7120721165566122,0
1.4714193110359495,0.2884111487160616,-2.7663912536870288,3.437822437389162,-2.289437145212471,0
0.5758386156244282,1.4258947496245888,-1.4808243468999118,2.448161236191966,-2.2068152591021883,0
0.8534054509590113,0.7143189358736531,-1.275580117636391,3.339209203263046,-2.612627709039648,0
0.9880525109434513,0.01631560168577677,-4.017159419646115,1.404594144169024,-1.4221868914552962,0
0.831949819262524,-0.2278879815506622,-2.2492866413588994,2.367078971590059,-2.003051158002048,0
0.6315812915708062,-0.6151876757156072,-2.223701855082017,1.9436936693968456,-1.87374737345095,0
0.2299291105067884,2.10367310306172,-2.4373250583010515,0.7712631914524306,-1.3770735135156311,0
-0.005675006738810921,1.1936448655732277,-0.21299533357120004,2.2280323015398045,-2.4293635640814353,0
0.5994654463771892,1.0936976406914414,-3.05922235540742,1.2328590328959317,-1.502318751674005,0
0.2305990924514,-0.5739300079673577,-1.933381960220618,1.3507912408221483,-1.7896480106871606,0
0.019262980308075866,0.1310207620786982,-1.3224047016305234,1.3602375312699917,-1.9064210430612791,0
0.5305947466408955,0.1989496964833095,-3.264152189262374,1.0510326034313304,-1.5022554024950097,0
0.2566480843765997,-1.3162700410740993,-0.49110167348614464,2.614066684062131,-2.5164740587882206,0
0.11213073592229483,0.0911882738437822,-1.7904229346351763,1.2956176554264576,-1.868652155926822,0
0.3983677538440727,1.6739015887420603,-0.7346517436628301,2.6639436158256204,-2.4330323614126494,0
0.5044588580871888,0.6573649633895711,-1.6376797888759065,2.219536377146072,-2.143160940199221,0
-0.003121046611067071,-0.7150218680302427,0.1932941434278872,2.584016716467751,-2.6419925142466005,0
-0.3884216268753332,-0.5461110027385696,-1.8585113899877228,0.11279681500931393,-1.4652567783213186,0
-0.10188409122514198,-1.2334975839449034,0.20593000846074627,2.3104204379306097,-2.510138705072479,0
0.7852273702902888,-1.151868384586774,-1.108794388077802,3.344532268041039,-2.664386643845055,0
1.2308056620699792,0.6082288953073121,-1.6001675438697742,3.7714058102381154,-2.579546797802174,0
0.5074556540509285,-0.8177154757301307,-3.2146433244100594,1.0062657703453817,-1.4736889923825118,0
1.3975505905854306,-0.29225521544384025,-2.1839381360430785,3.775508679452977,-2.5387859341791863,0
1.145719208550585,0.6627258265192667,-3.1901206399026245,2.483680055704706,-1.9797624379049028,0
0.23761327207762253,-0.7492156170889224,-0.6589639074669063,2.493043906462612,-2.4851148775693392,0
1.1501032652120546,-0.3773420769478101,-2.8047472568726315,2.6447557394744337,-1.9929692951858204,0
1.4670316836902264,0.9495229179610088,-2.5244984031029216,3.556129466751944,-2.3273527873708875,0
0.1395107551724371,-1.1326637535596475,-0.7427720670432907,2.203505718903038,-2.3726778228888414,0
0.17764361116130076,-0.3657996727935024,-1.6025784533461118,1.5763225007929824,-1.984509745523847,0
0.8792816402583844,0.9200114600053961,-1.3009363273764845,3.236403077260047,-2.472581760857686,0
0.5298356794466987,-1.8360719875025393,-0.9357548251935535,2.758092516304997,-2.3962881227144637,0
-0.20070702564075787,-0.24936410162594572,-1.9153385630192632,0.322276158619321,-1.4026706875221566,0
0.2588007251290321,-1.3582116685261956,-1.542821467094989,1.696376829857857,-1.9558535201867011,0
0.4847527725672067,-0.4873894162901053,-3.5613352367594207,0.6829919663694102,-1.3050532457527702,0
0.39708782274397963,-0.35870377304891893,-2.246206649129249,1.3645179857878897,-1.6548476702859674,0
0.5983169371568196,-0.2828867205196255,-2.4030309348788124,1.782985731084669,-1.8282392038068696,0
0.07626682755988623,-0.7893470120509625,-1.5244979875244398,1.4384780183095112,-1.9740897249925808,0
0.1733671833029696,1.182352844091784,-1.596283186542643,1.3720637846195953,-1.7746760334724594,0
0.7914122937122197,0.4121091610202864,-1.9941685036897896,2.4195390145243407,-2.0253749535520176,0
0.5919099750569126,-0.2395073687649446,-2.667700255103103,1.603893021014121,-1.7528281889976738,0
0.8001016225478164,-0.7602909475639799,-1.616034986851789,2.8954936656004344,-2.3648119253462454,0
0.565070601791222,-0.38479553417306533,-1.5940349200283634,2.506103795589824,-2.328760568729602,0
-0.021228381405570543,-1.5630894981604142,-0.5450466602544657,1.9876230202554102,-2.3304405447576464,0
0.7951928802504136,-0.7276723548562242,-2.7849258742965386,2.0957241344440805,-1.9845929418203296,0
0.15193114034266775,1.8065346714593336,-0.789582299123551,2.0190660991129463,-2.1770641406532145,0
0.5418322096171968,-0.5038467528248772,-0.6483126141559465,3.1133705291126423,-2.6387283479773607,0
0.20431904810290002,0.3535478631986765,-1.0998150307835277,1.9360194976438831,-2.1247000286731024,0
0.7121932536693676,0.11955692459848473,-3.589068023535548,1.2136773510415269,-1.5038904128562296,0
-0.24057518282099197,-0.6859980417194214,-0.31595653234412935,1.6286390316722434,-2.2209548447265135,0
1.0169995375366885,-0.8333735587954348,-1.4116111497424224,3.530660379440287,-2.6007925126104134,0
0.3625040348729127,-1.396934091467959,-0.9157110695090409,2.460207518124751,-2.3472547347453836,0
0.9537066948565627,-0.1268807141021942,-2.2005269564185617,2.9097892347736805,-2.3563279470616276,0
1.7036422981303474,-0.3341364484598427,-4.41390819837122,2.7009886386466415,-1.7755056749677598,0
-0.4754543496013248,-0.12673603578590625,0.43319888068960277,0.7345416498018646,-1.3744483168065227,1
1.245436979464095,-0.7222688836538869,-3.399539755680758,2.484912204845126,-1.9002002651881247,0
-0.10048925327914562,-0.775034189423724,-0.8258350942867887,1.5870369333869534,-2.1469406974086294,0
-0.25702663778180707,-1.5763517088994359,-1.4076715820251962,0.7085062446205694,-1.7033660656499587,0
0.5792070734966122,-0.49605231253974436,-2.6587946597241734,1.5386638031791726,-1.7015382621566861,0
0.787981947689715,1.7467389375083464,-0.8099336497561229,3.5552156970183892,-2.765674666580245,0
0.7487299131041784,-0.3217062178214337,-3.0710391924459746,1.5154226859346847,-1.5613913976302896,0
0.6442310721314525,-0.060917832770783234,-1.4353622272001787,2.722871112493202,-2.3666565935680506,0
1.0214931202124449,-1.9321671625260497,-3.8167399234553248,1.6245501142436227,-1.5214424103148299,0
0.5487735298508656,0.9016233760593639,-1.0195215447225396,2.6917407901341464,-2.3282837467906106,0
0.8701362560496051,0.6207475552794239,-2.3619812989855364,2.5368412087460226,-2.1627676976777157,0
0.4079293261304392,-0.4540335803194438,-3.049139383200052,0.8596899920545127,-1.417371519279855,0
0.5147718844697902,0.25216735047557565,-1.361007445839303,2.399681426055734,-2.2087117788831847,0
0.7636610444826821,1.286503119071931,-2.711382687043276,1.975934941986768,-1.8816345005567057,0
0.9766223326885416,1.3680984817638127,-3.3867550791905585,1.9657056205849541,-1.7862540256438761,0
0.26765803438632935,-0.47386487015952894,-0.8302836692003115,2.32166352552845,-2.322677653203212,0
0.5162093041944109,-0.01016572074277691,-3.4166477003933595,0.9092051868139677,-1.43559748955076,0
0.5306452688259549,-0.3674105867948155,-3.2501643648218916,0.9852081754419417,-1.427703374354318,0
1.195952712357242,0.17255019180419026,-3.1300108471770898,2.6594502709766843,-2.0595698047881608,0
-0.032220427538337086,-0.5626920244402328,-2.2075564459092583,0.5570167949817608,-1.4885990214987954,0
0.6983147662700745,-1.137687456550734,-2.7731158157037434,1.7111314980399737,-1.73352854535618,0
0.39175183021627324,1.2865973693976245,-1.327075702314898,2.171630592353682,-2.15575951947373,0
1.1510537546484017,1.0043766347631322,-2.208824530272514,3.090292953682834,-2.228993154026349,0
0.6235458497705998,-0.5026196138317597,-1.1367905930463835,2.9058968756561483,-2.477035342478596,0
0.6384604422575615,-0.1165103783469821,-1.8858145138028761,2.437070693873451,-2.2499314777588033,0
1.063766295311149,-0.0001191485590934855,-2.9606221044193486,2.5800464700278933,-2.125189612301769,0
0.5879498903769244,0.3388915982185217,-2.0405643145999446,2.057804743288643,-1.9935563402118142,0
0.9913266626421128,0.024407339533162126,-1.6125221929148368,3.142924050110841,-2.3130740465622006,0
0.40430318091931766,-0.35071044462349615,-1.5913953042179436,2.0564335106724645,-2.1165260352026865,0
-0.14422316751246436,0.21802509213256502,-0.3427794596497977,1.7768223023348646,-2.230590722048249,0
0.6118310115264883,-0.6958614201447756,-0.5810115208327864,3.363300874531902,-2.7615358631825666,0
0.4991560638952904,0.20971329919736692,-2.4061667944082563,1.5345309632651778,-1.7294985062457253,0
0.5064035146841694,-0.2029174630104449,-1.8258357478729592,2.150233030077788,-2.1398914592699922,0
1.2777828803432394,-0.10648788318054717,-2.698865710246431,3.069843217769306,-2.191174780134455,0
0.5670144642104508,0.3382524875291783,-1.2853664575860955,2.6541927602929065,-2.361895210524349,0
0.05503462924397418,0.9280450710056922,-2.1039623943425365,0.8799579180826234,-1.6460385294916278,0
0.2199387054753249,1.150607550593069,-0.038297831556178163,2.8258063860228715,-2.6234469314406175,0
0.47472369703264344,0.08432382724223389,-2.0158733067355743,1.8326993028906562,-1.9313824513105908,0
1.2194075792398205,0.4730509282332128,-2.8289456719770922,2.7573792687579584,-2.008128866358979,0
1.0696975919446505,-0.8332949582424903,-2.342472146842519,2.8778925800320727,-2.1895825324478895,0
1.3004828965549158,-0.978322207591943,-3.2460849910932756,2.7604858059316397,-2.040913305541734,0
0.1562482959769854,-0.25593056166975336,-0.4530629030651745,2.3655851426765793,-2.4038252307492227,0
0.49368632060591366,-2.498493587871451,-1.6436243867368592,2.050246941953162,-1.985276943964815,0
0.3851193478875177,1.7701676156472728,-2.0129474964024068,1.6410100549546855,-1.874375765862595,0
-0.15226434865793206,1.6512365786872862,-1.7678702540960896,0.6329876676625998,-1.5932709874973656,0
0.7035274690257852,0.346636196565839,-2.50665836762333,2.0194649490728804,-1.9458036867894397,0
1.3261552629351312,1.366154628273648,-2.3453839053049363,3.563260439882315,-2.4941128923682134,0
0.41109899810432526,-0.302961376874301,-1.946285097760978,1.7461118976081582,-1.9168205193159997,0
0.4624681123504682,-0.7922983922041061,-2.603332080323592,1.3897503668684483,-1.7131367677631681,0
0.48851177213535796,0.6731320206897123,-1.2176148332883048,2.398676937723936,-2.1948988317765195,0
0.19065638864876305,0.3984491228578794,-1.530628587880109,1.5830582073468524,-1.9427166940621676,0
-0.03987669677282922,-0.40863591253667014,-0.06289635671525806,2.2026861832178133,-2.4002952159881574,0
0.1835043678333667,-0.7048221709979829,-2.485888902329196,0.8073338112204638,-1.5089296745501977,0
0.0840155005577084,-0.25295169922576405,-1.0400958038631827,1.8210173726484356,-2.1760196369308527,0
0.7084196531281394,-0.5072714105938124,-2.0079311005284644,2.3202060642274587,-2.0610023754372775,0
0.7321098267972664,1.2916352267604467,-1.2982907530059014,2.9137571380497342,-2.3715953665767078,0
0.8356972039875505,0.09018263749689953,-3.199971940990191,1.6968491524872635,-1.6605282199405453,0
0.3826580786725192,-0.9202385297763772,-2.2649417471225424,1.533240205198712,-1.8625189226908976,0
0.6191223236399158,-0.7601894489620864,-2.4760840636483685,1.6674641770557428,-1.7014768549395722,0
1.0103372158872204,-1.8767187306827366,-3.3711347817121466,1.9698654978740906,-1.7299316016160584,0
0.024673511697319184,-0.2795683042665431,-2.4068965755287075,0.543629563276558,-1.4592345259485553,0
0.43987877502872347,0.12181470577485806,-2.8129457345379345,1.0630395464329245,-1.487814071244139,0
0.8165054302703665,1.4014290022660747,-1.7162345519102828,2.9385354438647413,-2.4220483908983765,0
1.2194266217213083,0.40346891810791735,-3.540722653535384,2.4280034915897675,-1.937132692253063,0
0.9950297287206519,-1.5443773533483862,-2.74289146528087,2.5035889234703963,-2.0723792135836505,0
0.42126403676538476,-0.561782494830015,-2.5509834334548467,1.4038568077647593,-1.774540519227464,0
-0.42356070768581566,1.0033827642199402,-0.37271985907985994,1.1836079646259194,-2.0725319673584535,0
0.5528026248339107,0.0005000650336295328,-2.5142587671113863,1.504860876003554,-1.6531013116714501,0
-0.37638397063691736,1.5292965508395333,-0.7330301967292843,0.8980222091872649,-1.8354073672373723,0
0.5617743007170992,0.023895096986299567,-3.008037606112355,1.2274003083747669,-1.537945743923333,0
0.28100357426658945,-0.5013692716678184,-1.4889066041095733,1.8496240711246732,-2.059861512801026,0
0.5522094543506908,-1.3446490274694252,-2.3405135835631183,1.8073955324004543,-1.9044803891141995,0
0.8205810033897404,-1.001062213384433,-1.8653780144660397,2.6528728780439836,-2.173234719913406,0
0.17251158936120795,-0.9788142460811394,-2.0719463819702013,1.1427924922404582,-1.7190294183321289,0
0.6233643416620213,-0.9205828940058789,-2.7443995680820312,1.7484578605688796,-1.8831282922116603,0
0.27679454453900043,1.4695825373608864,-0.40171648425397755,2.533843009167249,-2.3651373064012886,0
0.1639693547225699,-1.0359109850124564,0.06801326308130662,2.8966308030586934,-2.7474821751303016,0
0.6880928514508557,-0.8841584799437681,-1.8811669716939923,2.509823222690475,-2.2440143810041837,0
0.8106406295011757,-1.0225853502720914,-1.3759839037480543,3.131870976123195,-2.5031349077659595,0
0.21141349586918506,-1.847408384527915,-0.46723170267355374,2.329825933329322,-2.2823329597819093,0
0.40300384279904966,0.5334850768245277,-1.9547154174395052,1.6498379319345267,-1.8321733618865634,0
0.8061223852420146,1.5677961311964723,-4.19759807441685,0.8101561982216767,-1.162998079390852,0
0.6767451509639395,-0.6119221214117702,-2.587112691745403,1.8810923479593606,-1.875069869686108,0
0.7627368653022883,0.4874139269048432,-2.837463763402638,1.7327562684759674,-1.676607438792899,0
0.3770284122746433,0.9344277832313074,-1.6470240214384384,1.8765279627309042,-1.9934284688325037,0
-0.06793201814305129,1.3414319753737025,-2.2049703860646024,0.5246265861039838,-1.5115097341510113,0
1.0436924901861262,0.2767229725883162,-2.2200311403178836,3.0009817069577145,-2.3136578835710133,0
0.9583521898585706,-0.045861259369021544,-2.606060763265353,2.422714451483473,-1.9941764963864086,0
0.5446191394843812,-0.6810551606146789,-2.2967644198573414,1.7729263603971086,-1.8637340243874256,0
-0.04734282563772755,0.3332400365224288,-1.3659196655560693,1.4489822323463808,-2.124320503182514,0
0.4976958710888627,-0.5777505081541768,-0.8508450423639733,2.802204270519936,-2.4619175896608088,0
0.21656821412567284,2.2947685915477845,-2.104894076853866,1.200886676852684,-1.7212777571978326,0
0.08358207162177748,-0.7250967209741775,-1.835787945338666,1.1427326949948537,-1.7720131675055892,0
0.4502993138286617,1.1606990035971831,-2.4893206281352036,1.4837287123241594,-1.7874857507606685,0
1.0531233493419148,0.32543685943381034,-0.9217886632249359,4.100413297527305,-2.9510792511840007,0
-0.3573237935218928,-1.2506960629882262,-2.128649802964711,0.010310486804977925,-1.4115383103692958,0
0.10797047909694489,-1.253295627303265,-2.1460411524188174,0.7499424688028371,-1.4400233791276866,0
0.02022888644446966,0.3509425048957069,-2.023023631119124,0.7990037781902928,-1.5862853652169937,0
0.1873989870154121,0.3406541364121413,-2.4221813059338624,0.8647611941715025,-1.538292900939191,0
1.2561703142673235,-0.8312707739523109,-1.5080205071143302,3.9963059935822907,-2.738864137323915,0
0.2647380256915733,0.8074618356124449,-3.2308392506258885,0.40015846844188396,-1.237427621001025,0
0.8010781278188716,1.2530889173020765,-1.8756118096604806,2.9158721322837566,-2.484779237026124,0
1.320012032852815,-1.2744928824990227,-3.624486472001776,2.402155094350006,-1.7792587433477687,0
0.9303096335705855,-0.21339221860714852,-3.0632532767909884,1.940006679515803,-1.7095369966525602,0
0.7093533942187084,0.05976783737328261,-0.9938251181532431,3.246997629391176,-2.6406845223981827,0
-0.033758976842743794,0.5053265000780651,-0.8269819043495228,1.6020192079046558,-2.0549189336812614,0
0.9578297074190373,-1.2081788236455882,-1.4580606236877405,3.547440701614553,-2.7322534782488423,0
0.9378578622260052,0.0834811255198509,-2.8785530724601407,2.252991508353053,-1.9544553639002171,0
-0.2658455790009079,1.4049423292181198,-1.3702688065842934,0.7524496851866422,-1.7493423464372462,0
0.16975206668603585,-0.8533033068263332,-2.5502842898522338,0.7650014714808084,-1.5116534208378827,0
0.401733263812528,-0.10137825626420019,-1.7060296364257725,2.031836308229906,-2.13911708353898,0
0.2010959995541448,0.27899179474847396,-2.3047087547309513,1.0596106960927756,-1.6752201012855166,0
-0.590270616429437,-0.6099007628719224,1.8730960628844469,2.648514242523704,-3.0133754225632563,1
0.14080950035189274,-1.0692868554188253,-1.8228349936328208,1.1584146799805435,-1.6906911787028123,0
0.1614493407444817,-2.2481428867921633,-2.518158472936099,0.7834315713773456,-1.5320568216136912,0
0.8049222229867826,0.41692950326481654,-2.148807605579217,2.402728701360483,-2.045505005923946,0
0.7863174015171533,0.274741902746345,-1.408754542668321,3.095053321844011,-2.5165800005477035,0
0.8527512999706631,-2.185296847334906,-1.9818453576991093,2.827327452224785,-2.3490845639842117,0
-0.10630729002278771,-1.1177496539261753,-1.602222237859947,0.8345502619136522,-1.6663510990254888,0
0.03571833352058383,-0.16966815878122207,-2.37559241815097,0.6813780733832699,-1.5737939745915117,0
0.8746354472419551,0.8168679695322622,-1.5488168423476476,3.067993536980999,-2.3990479066769,0
-0.09876602004400752,-0.038140085441648916,-0.08893213675114331,2.130835815908479,-2.430420048903881,0
0.9988748751670379,0.19656354764246445,-1.8261471480237332,3.1653873635134753,-2.4068426847664566,0
0.17206411042626854,-0.7730834555704812,-3.22327373842229,0.14462514975871366,-1.116612685029605,0
1.0054049692896974,0.1494194735091969,-3.327295250551293,2.0590052263627427,-1.8145492141826334,0
1.3578850834920895,-0.04546497612900444,-2.7379580162255355,3.368255992002199,-2.3895324490929686,0
0.4874096674415965,0.8965886542360184,-1.9985396301070746,1.9803154099122906,-2.0590266829568113,0
0.16221928446899783,-0.14311573696377775,-0.8656351045301025,2.0785470280044667,-2.252148049609826,0
0.6594321516358311,-0.3670704059816724,-2.102880001981125,2.1151766238450636,-1.961915797666732,0
-0.07137649042198146,-0.14507659570363216,-0.7733782372177167,1.5910946494537554,-2.083757591540695,0
0.20838194551685316,1.5834772772495995,-1.4129615082012643,1.591304714496687,-1.8772269163092035,0
0.07836643290128291,-1.7381116395453866,-1.362725886169189,1.5241867858679892,-1.998198506002356,0
0.38896527223707944,-0.2216885799990672,-2.323777867888625,1.3814533731076173,-1.7157207865229753,0
0.5637670341085199,-1.1354666958101698,-2.629663648376052,1.5671503935964084,-1.7452213286062106,0
0.6383608511463406,-0.08804446917604382,-2.5835785675322196,1.8888644787530742,-1.944091942344436,0
1.0501010205820136,0.9327436083455788,-0.958989447325989,3.917201644523944,-2.778082358994932,0
1.2829126496582781,0.9898601405859991,-3.4264080862926773,2.5460871842236257,-1.914004802149484,0
-0.2814174349266795,0.3191602900919905,-0.5565592647806583,1.1950246944111726,-1.9250041693845241,0
1.105826422800494,-2.057966753396755,-0.7766645428190788,4.2319654237414195,-2.9476772413010726,0
0.8458116280527402,-0.4759886023863676,-1.0274852152152865,3.459358637485388,-2.6552814121980464,0
0.8418146856270408,1.029882539130331,-3.049879493891322,1.7637261374042275,-1.6628690309658125,0
-0.09394087127495702,0.7540759331580894,-1.7852783022416376,0.7664917355813694,-1.6455237098805138,0
0.32143161968065925,-0.9976745727406487,-2.1632827852556686,1.4092251692486464,-1.7924188400046424,0
-0.4872807380034651,1.7046510059281352,-0.9002859726022914,0.5555547324369581,-1.7203729292409715,0
0.7953839019636483,-0.30136312044018576,-2.2139338129694357,2.410648716753798,-2.0944108775745898,0
-0.1217068135312222,-2.5884166322041997,-1.0648744143229352,1.294320602253259,-1.9664208048162366,0
0.5942757907017486,-0.8908896119420586,-2.204952687647239,2.02481795176643,-2.0121208331384577,0
-0.2362548728073397,0.9173151613587754,-1.9176053469220986,0.3209216129606345,-1.4597556424085392,0
0.07645987328436636,-1.1326690518768963,-0.9420253385566386,1.8991511249808373,-2.232414500344743,0
-0.2262191496814276,1.1825657270608714,-1.7279632501623468,0.40072007503217577,-1.4540415479312363,0
0.3143842949964283,-0.33869133992187517,-1.988626495200021,1.5474079015771853,-1.8814484235480786,0
0.4356817280840489,-0.8974915631672096,-2.6683630138049774,1.2472326509338016,-1.6321082589645797,0
0.7639024776875407,1.939988391476335,-2.6235152078071176,2.041616882444105,-1.9162593858711476,0
0.32413419549518796,1.0877398432337475,-1.3035492984602084,2.125183615220102,-2.2075666992350524,0
0.4869510253908422,0.31470630755446866,-1.7900941855520303,1.9744012622902145,-1.9731285938235437,0
0.4804629165602009,-0.5496045846648339,-2.45491844700406,1.4996631479966331,-1.742028744779093,0
0.16398731595591537,0.5428283512706765,-0.37522891282990156,2.471125417068255,-2.4719915713653653,0
-0.3661516625198095,-0.3775546564089599,-0.024188769338060467,1.5996501423664538,-2.281536859275649,0
0.9073299582823262,0.7903785250428523,-1.2974248694127137,3.3980931629445936,-2.5954221345019546,0
0.6936342082006636,0.27402735267208544,-2.2491025027254143,2.040357409236744,-1.884379824508313,0
0.6727728784275139,-0.7067297635192396,-0.6441935939790016,3.504781483159694,-2.8355771248614485,0
-0.28901104617628587,0.6764418164947713,-0.5268991180103699,1.344878710817591,-2.083118241400392,0
0.5459122859230007,-0.8702562235172253,-2.04570085697867,1.9869410003587562,-1.9893311115580636,0
0.20845695351308216,-0.4924903908336654,-1.3517147867523356,1.7062301099459998,-1.9740674395739715,0
0.3958138301568987,1.5587980694978887,-2.122951504998346,1.5912750470159898,-1.8472970640847863,0
0.6949427580007271,-1.1416718217393904,-0.9467764417779088,3.250549009078408,-2.649618939070782,0
0.48669929913041604,0.1417658589610795,-2.1415703949183937,1.7471416995744726,-1.8706922343904646,0
0.5608245731233285,-0.7345580968654715,-2.066325329145061,2.0187653504531045,-2.0065080281417016,0
0.16425181160512994,0.16057734961564119,-2.505485452719561,0.741099128351393,-1.4782017489145474,0
-0.641965625034498,-0.5458425859710776,-0.37419939295834337,0.6490772558753346,-1.8662834645469855,0
0.5316253128936885,1.1446062820500897,-2.569966506924917,1.4434911780334962,-1.6445336367475303,0
0.43510499343775544,-1.0612935317114818,-2.159796356292357,1.7313778252350098,-1.9448304117295256,0
0.07223363803417121,0.9179676706663622,-1.3481282578790705,1.4293760848754782,-1.903019248914441,0
1.044221096268426,1.9015592551136702,-2.0029808984142456,3.1473412815407165,-2.3826262438566146,0
1.037318229322764,0.12391742634264473,-1.483948361758903,3.6037894229039606,-2.6725022633792817,0
0.3839496257588222,1.7786551265382484,-2.864133113807949,0.8916983386090891,-1.4184452554216591,0
0.7483471143375705,0.5317448831256588,-2.8075383156794107,1.7381548475198485,-1.6940539160417027,0
0.17533572491801908,0.3778292212221578,-1.6464583412410592,1.5580286774869305,-1.9859874078414108,0
0.42788822785063085,-0.11565356854823089,-1.6125397331222744,2.051041561942894,-2.080790274029386,0
0.6141585202512151,-1.632602745687323,-2.6438364149600684,1.5433722753100763,-1.6440422105386832,0
0.5905926673796701,2.3502058000057215,-1.455365686683395,2.5189853236679043,-2.247390114673149,0
-0.837597898279283,-0.09996977981690322,1.1608912113743997,1.41613471087843,-2.395991059558631,1
0.5750853884361169,-0.21242892991046652,-2.8542725780476372,1.4115700381645477,-1.6502871973141888,0
0.9504186532249768,-0.24624212194871742,-2.0256989271805366,2.8327121907423116,-2.213315071476388,0
0.9402729342160887,-0.23433491104206355,-2.124097331649638,2.762669480070816,-2.1942351845005814,0
0.5028719677961009,-0.28616863668797066,-1.6386335207588683,2.272059972324212,-2.20121700344724,0
0.5364989319478899,-1.0195062023841872,-1.3553255971407103,2.4910126087746254,-2.2671322670174674,0
0.6428734686333912,1.399283341270051,-0.7817465604592411,3.1849515536747206,-2.6015191964213065,0
0.7305613437353182,-1.1473219676483402,-2.102696011437819,2.2876558843506953,-2.02751726347201,0
1.361562288565233,-0.44029678710755854,-1.8564705720669399,3.963995242031567,-2.6685544508394035,0
0.3544221055382867,-1.079392457099354,-1.0117220109058502,2.2786601324536067,-2.2069009394127748,0
0.5196005683092223,0.48178370786128394,-2.2218398405293622,1.6464178213127494,-1.7426320516673055,0
1.2005065230689798,-1.4122943199298554,-2.6102689117575686,2.947552381227273,-2.1539452018765415,0
1.0430816061499237,1.2823634741156038,-2.0139963532107,3.1151816107215673,-2.354977768451978,0
0.0666382060542093,0.049802790902832496,-0.5065578505367445,2.1219840642405408,-2.314126348491409,0
1.2184189236354501,-0.7792955995214319,-3.39312765199673,2.4556774520385076,-1.9108514138046584,0
0.7115040722386119,0.21911060003441002,-2.4987001070032333,1.9798324717846418,-1.8882126395758374,0
0.2758184928432865,-1.3440446284718441,-2.3834708603183734,1.0346523537663106,-1.5582800671383306,0
1.0800808177148895,-1.1860692313994132,-2.8922247710555196,2.54176061148193,-2.0321714064274126,0
0.9516161907632856,-0.3496149900355497,-2.919903944540371,2.1771767651078258,-1.8685507023925063,0
0.7655127850308712,1.4067808557880386,-2.3050889074974457,2.1597181978783917,-1.9147020608723377,0
1.0157548000121535,-1.555970026317907,-1.468714928038675,3.489956891024528,-2.5821339972864044,0
0.42087825546501184,0.9425452284534718,-2.535787971320274,1.3874999106252355,-1.7521382770312095,0
0.15141615961083477,-0.5138386168427719,-1.9984073360660615,1.0882657653235333,-1.6676354020678978,0
1.6504722395640627,-0.20372712804159823,-2.83060399706536,3.821034279785171,-2.426048781587183,0
1.2213097331988143,1.1418532448109715,-2.527705797588717,3.1854379241529873,-2.3379821216371095,0
-0.17382380123921667,2.2784019865292278,-0.9204533157873291,1.4034021342448528,-2.109649274783976,0
0.9201797510500431,0.6100231697844505,-2.288038442184922,2.510835522093961,-2.0258128956197483,0
0.07465442053356534,0.7661960091741071,-1.6366277266446134,1.2451526005098001,-1.8171080521423295,0
0.5231864749128243,-0.9169275453299295,-1.8291118995507039,2.150115910315777,-2.113823552022218,0
0.037639707605920295,1.0544121122194114,-2.9505374298078335,0.08968526721077064,-1.1716517306523804,0
0.9647211518171662,0.23882938618641383,-4.664032528969813,0.7891980227097253,-1.0638683632007135,0
-0.37574760256045847,-0.7150632206374263,2.1376964692360754,2.5200972770743717,-2.4287234411566683,1
0.4868481780840993,-0.5713742524172769,-0.8811425422245192,2.773976440733354,-2.461574927984982,0
0.3543931881453258,0.6186301201097418,-1.2128831187577207,2.237903301831988,-2.241804677843671,0
0.523845808884362,-0.13592728985576719,-0.5250912733942492,3.199678298507034,-2.7109060499632225,0
0.5773031172552076,-0.32782352634269685,-0.5482122489298171,3.0145766983804574,-2.438925687909454,0
0.42997701245290304,-1.1493716102158729,-1.859307037905047,1.9195647359176338,-2.034662939052427,0
1.1730664044606385,0.16984469724903012,-2.839872339278453,2.7224215609993703,-2.0507928472143058,0
0.6165832957315774,-1.4180599219689365,-1.7954125637917562,2.4158371358735713,-2.2282336701930374,0
0.4154043047662197,-0.6421946525342711,-2.2866625580377558,1.527436624525719,-1.811721156106507,0
-0.07320595504438869,1.3369204375647132,-1.3686908759774754,1.1046258939153106,-1.8059720864067068,0
-0.16339568083321174,-0.43874592004829344,-2.1458388368948955,0.3572985569717615,-1.4678768237415887,0
0.7462557896812384,-1.7325440243543537,-1.0772351679954384,3.1272731026956224,-2.4874112476196895,0
0.9891925667708077,0.7450305629127996,-2.161576416907832,3.0280988573946477,-2.4079138781853247,0
0.39490672207244004,0.006211355621786128,-1.8277260336108663,1.7439888182931589,-1.8950942576015088,0
0.4372645358791461,0.3593025800857549,-0.8859177007971155,2.5601679260932158,-2.319446000580057,0
0.4759309777305835,0.024857503751269192,-1.7960733288589965,2.1312311100533297,-2.157870407871292,0
0.8626939126625323,0.7613055634094525,-2.55856867866263,2.344895252007818,-2.0492761058802778,0
0.029950721658899147,0.62152184861589,-2.117734787361046,0.8099554113268415,-1.6185634400721736,0
0.7608771063375749,0.031075966875013874,-2.2287896620511605,2.436409801568597,-2.1831195665683234,0
0.8155192962275108,0.677359521686422,-1.4068533312165834,2.936084929225548,-2.3016905709267803,0
0.489713463494134,-1.4211531401456212,-2.4169886977954596,1.497090687306796,-1.70969551497901,0
0.9958314553014519,1.9571745336396382,-1.1447803755793406,3.7138696531268076,-2.724394937611538,0
0.6616148071648643,0.9902384537051827,-1.6261675882558302,2.499361166807609,-2.177563289434003,0
0.620576054021627,0.00946519402268165,-3.00848444240115,1.4599352191393629,-1.686795400148431,0
0.06381896731991114,0.6634477291515113,-1.32252541477666,1.5080391055574864,-1.9893262822727027,0
0.5336156262567895,0.1524347668741858,-2.95715599319408,1.3268750007388372,-1.6683464963487606,0
0.606621995306262,0.19630441692435538,-0.5203624532295057,3.403670943608943,-2.788939527500429,0
0.9854617298632373,0.17252678292308982,-2.9945569953001643,2.349877342058434,-2.0237085778605657,0
0.3427137566301187,0.23538826054801248,-0.6896934304768896,2.5897322541191605,-2.4280389983745105,0
0.5551842870484366,-0.30045486881775135,-1.4128094151887587,2.3794529805226174,-2.1419564793459775,0
0.8342548999460587,-1.109952837036249,-2.3742755348649536,2.4433216249822007,-2.127549980888956,0
0.08385907604344922,0.5068774563905613,-1.8234242065010786,1.1236822221718719,-1.7468026190510342,0
0.6893851514326497,1.6221931015494289,-1.7571198877705918,2.497295027341891,-2.180905129735172,0
0.42828748531551397,0.4105320144092518,-0.907004858377586,2.756612104014945,-2.548274606267554,0
0.48661751421864513,-0.2101669077919015,-1.5933816076768068,2.2205264208368654,-2.156031009800431,0
0.6934861328348785,-0.3337788708388873,-0.9504253704198276,3.2786977748984727,-2.6829262705190837,0
0.1401846893146422,-1.6894573383151947,-2.850094619023732,0.4496224020538664,-1.34434012995606,0
0.31765026541247005,-0.6766708032480138,-2.213254075291766,1.3654278685638994,-1.7718740087153553,0
0.8039749755335175,-0.6302864440651417,-2.906515069225729,1.9304653438436485,-1.843861063434546,0
0.4455666165632781,-2.064957387584735,-1.4235837175467072,2.2768280183910155,-2.2161419031561067,0
0.05646313498708333,0.4726630560767134,-0.6912538177091068,1.8551900072553853,-2.1219350847516436,0
0.825702740700698,-1.0463548733703751,-2.08151889075794,2.4035439212410212,-1.986704612753295,0
0.9979080304265002,0.07587738995981268,-1.7237020542798578,3.32345632444234,-2.5347469522730472,0
0.9875192967230829,0.702881798595122,-2.7958604317913034,2.5017919397286104,-2.103109636776538,0
1.10745339518156,0.5251903903377283,-1.719712403760965,3.3534369314466446,-2.387067945142729,0
1.1822377063952711,1.0104138262506557,-2.924255832074205,2.5976208884323313,-1.9375273698219775,0
-0.05225919620473892,1.623263185486201,-2.64583623724728,0.088904403461332,-1.1990009140726983,0
0.11094368177216077,-1.1788166402247968,-0.4927434176828649,2.1668488184054446,-2.2840442812348845,0
-0.28209466515810017,-0.6927548576980426,-1.1953215835846969,0.8409832727400499,-1.8010789199134547,0
0.7546312773221245,-0.8912185001067509,-1.5158383538006934,2.9201104084959697,-2.425697491933984,0
0.7636411431946255,-0.49435433785671684,-1.3759673951643698,3.058093471204001,-2.501908069226574,0
0.232919864401369,-0.18138540310928583,-1.7178379171934972,1.6553966098333095,-2.0223462789695406,0
0.15473076919233136,1.2102435005068763,-1.9718470066008702,1.1502274769112528,-1.7170315550561763,0
0.3416739728020614,-1.1998597221795984,-2.0009650722096746,1.6856867513969973,-1.9870685725686439,0
0.3133801503554533,0.2482739329114458,-0.529148267951282,2.752440991434951,-2.584381474587716,0
1.3157210874667735,-0.7286780669457907,-3.4417721950133524,2.63439583416564,-1.9594093017889957,0
0.2512454915504918,-1.692681615510937,-2.898974601729027,0.701181190631778,-1.4471174224794345,0
0.055557920694973284,0.2448193738945395,-1.08263016740155,1.5080676715180337,-1.9101777554038026,0
0.9797050430490877,-1.3141458544552165,-1.4275452975671938,3.3744723304232274,-2.503509658521,0
1.3342957699098352,0.15310199293432541,-2.6162100145717635,3.422917839528302,-2.4381549121550794,0
0.5883770087943776,-0.022577941094418186,-3.1349289697303178,1.2690854932653028,-1.587523730480512,0
0.5835326539582192,-0.241749638893447,-1.887292868773089,2.019344799669475,-1.901215104063293,0
0.33527139994756133,-1.27040874397943,-2.6986323704565502,1.0753749332952838,-1.6262402311077633,0
0.8457846123232209,-0.24032823743301487,-3.5430211181119944,1.4467674445256056,-1.5141295050390324,0
-0.04424728574169346,1.2548119434691696,-1.5181291443044587,1.1658713162125567,-1.8809563850649706,0
0.5222987381611811,1.1645834712019478,-1.9369915800114235,1.9887794962234309,-1.987594444648947,0
1.0633486240909258,-0.3371881377911729,-3.1251666701658127,2.3142407490208656,-1.9104402609335904,0
1.8100439550134368,0.9197033140843018,-3.892195619381578,3.3386850724006027,-2.07084532980577,0
0.5096061698498051,-1.6376049174566718,-2.4142858879249087,1.5418328202798541,-1.723351549728601,0
1.2739352737138099,0.5102276451696075,-1.6720471965969184,3.9195987766920592,-2.692865840162062,0
0.7403977496954868,-1.3938310438129229,-1.4673958671552074,2.901479554050491,-2.4105301373106234,0
1.1113289633779457,-0.38040725741084613,-2.8633241639766687,2.5420739543230333,-1.9706871675265005,0
0.06248771975219091,0.25258992737909125,-0.7972119737651571,1.7511300798336626,-2.043860673040802,0
0.2762231841209214,0.7601183762563611,-1.7429423711897427,1.5708837912503606,-1.8731455720245866,0
0.006392063860438796,0.2871333541229858,-0.7364067311898006,1.7222573828256604,-2.081044115398407,0
-0.00893037285900496,0.1848678838526347,-2.4531438629145916,0.5467818220791325,-1.5348683922495732,0
0.6550069098448199,1.1384155206557094,-2.9573265172184544,1.5899490772164113,-1.747662901629697,0
0.19508921040495572,0.7289091555627822,-1.5447055450985339,1.669600017322981,-2.0317741901867348,0
0.653977783732027,-0.3309781736136056,-2.232344304157532,2.134548564445426,-2.0410446203377064,0
-0.19872250155212573,-1.6255993666594517,-1.3151882765591616,0.7883297259079218,-1.656915486228472,0
0.2784281297583119,-0.8047245724183811,-1.7606847516649848,1.6933472454868514,-2.004923569004623,0
1.1581097694986344,0.32584085214792474,-2.541557580075244,3.1203437229265782,-2.377483476071122,0
0.8493451243582273,0.3409526902216264,-2.121671258409031,2.594259448039689,-2.163994885979744,0
0.14103292546154708,1.5187183527167938,-2.0629183362250614,1.0206280332894164,-1.6383876388512812,0
0.5334811225289848,0.2829461845074849,-1.677862205917187,2.210300287558425,-2.1019227626767547,0
1.6543456920531432,-0.4262685566764252,-2.495474434571062,4.211963811475146,-2.700667400114435,0
0.9325402162342052,1.0779017394533252,-3.1749537325516157,1.9429457070234926,-1.7521081121582167,0
0.2854988939586072,-1.6644767353332222,-0.543702061449709,2.613776649006344,-2.489693228325929,0
0.02532945180718591,0.3144794724834049,-1.498134335634505,1.2276473899211648,-1.8252643946447114,0
0.7483989818434373,0.10207491624738367,-3.3323464464842054,1.473671494199219,-1.6189507600333455,0
0.03585340770534136,-1.1802836038228717,-1.663278219370576,1.0451761769865653,-1.6804538355674412,0
0.30965575017164515,2.6450367904151584,-1.2776584707014103,2.0923637549285625,-2.1866095877089053,0
0.6044699105712147,1.6884421557461313,-3.0067082061117856,1.4482916395263707,-1.700003801668318,0
0.7249334070327846,-0.2247456205149846,-1.9080067945981154,2.456809548129801,-2.139014449586767,0
1.186580032648389,-0.12889918411818965,-3.2508387437027624,2.368166261516372,-1.815733651675481,0
0.44040378915652323,-0.02683184370905971,-2.607309309105049,1.2070840082380359,-1.5587633109509094,0
0.45763138318639957,1.5042142828299232,-2.2556474815905516,1.605708866716175,-1.8134271609488035,0
0.48511384130201096,1.0452510148730776,-3.7784699905129178,0.5534808073183393,-1.25235489823315,0
0.4734962087814903,-0.19776904470561435,-2.9444650955787486,0.9700599126822596,-1.386495690647309,0
0.4819144221083446,0.326624217565134,-3.7825380969942017,0.5321298198906448,-1.2367072196459568,0
0.39705701987320036,-1.368268938725629,-2.059392582701503,1.6610303252058254,-1.89395246615513,0
0.6571388832095273,0.6546766174823133,-1.4854900686992476,2.7110071736383934,-2.352624086540447,0
-0.1724394288518766,2.390766164767724,1.6427885237595599,0.9752286724044787,-0.66899069255559,1
0.5789495527463199,-0.5790453361681495,-0.5702682850173135,3.2836452182338194,-2.727112831474913,0
1.1145109434289293,0.8197283316910118,-3.2868664252573696,2.270704583726511,-1.8442067049322597,0
0.9653804643402875,1.4903794701929813,-1.8228733345546022,2.9594418310365187,-2.2437742413060655,0
0.7127247004562355,1.970864270717799,-2.589858603263788,1.95348094844844,-1.8937584744257292,0
0.42276199009095483,0.09913833941812458,-1.6035040886641265,2.173872191568353,-2.214505977113189,0
0.5611591503548776,0.8534214514921151,-1.8161808573700353,2.0657737988654605,-1.9587669587228442,0
0.2888607195539624,-1.4040012963810977,-3.4378547418143164,0.33577278024470947,-1.210640097790492,0
-0.09531484833443882,0.1196002626671043,-0.4450267211886103,1.8147210586472218,-2.2305229189595024,0
0.6537718704584286,0.836328719335456,-3.2225832614043064,1.3492899240175054,-1.5994892738874729,0
0.8750131380365441,0.8802850789837808,-2.0534359242353792,2.7556863267691676,-2.2654422274871586,0
0.047184235603472575,-0.7419834280919447,-1.5288255054604263,1.1241661688936242,-1.6930883806463777,0
1.020820785525225,-0.5219067501050294,-1.9020328465691079,3.1956644358424358,-2.432317180311721,0
1.1821866480051966,-0.930664217960387,-3.4565841371967783,2.3840307630017366,-1.9188974803301297,0
0.9641795540044691,-0.7812967068230585,-2.827192732151981,2.372295523231988,-2.01715335897667,0
0.22008286261418417,1.0932371075822098,-1.7971549769362067,1.4298640850133908,-1.8371041784867486,0
0.15066650749804542,-0.3234378675446039,-1.4590493590966702,1.4871147462095642,-1.8792510086791,0
0.1851332353805054,-2.1148662950169905,-1.942790531200974,1.2371500827378341,-1.747741101396553,0
0.37569778394037234,0.7404071223772372,-1.049375367997138,2.331021508689456,-2.241882832254433,0
0.7647361770084017,1.2024777476530082,-2.4087404054724666,2.247228426109268,-2.047786850255247,0
0.4490341812266695,-0.0946237926492889,-3.4490633431142204,0.5709471915429625,-1.2020643256888577,0
0.7736403268783619,1.018157247648752,-1.9977128334976535,2.4946145081858453,-2.134335286297781,0
0.5718281481501417,-0.6872265309140099,-1.070125627606431,2.661233293642755,-2.2784210953267743,0
0.06075952910577686,0.7800702973910638,-0.8886988914543434,1.8665032227105167,-2.203031867878999,0
0.6280179288311631,0.07272462740328739,-2.657964643517811,1.849209902657742,-1.9479534016772624,0
0.3068208784989827,-0.5171370804487624,-1.9841069686389043,1.5549222044325048,-1.899851618610926,0
-0.20461230866376123,1.1342947938882124,-0.8448351418581928,1.3741175888578894,-2.099655494568072,0
-0.09613896628676889,-0.9281426382790505,-1.6350322163951603,0.6381352323578957,-1.4564197617747108,0
0.8396784360250259,-1.702128706538388,-2.696229917813217,2.2112576124496472,-1.9994791454035319,0
0.3911298364713226,0.3171469847104752,-2.6952065086299957,1.1854416058933421,-1.6498560312578778,0
0.8320359531490459,0.9373272918208769,-2.6405496401832913,2.1391404715340014,-1.914707678055568,0
0.2607475730318803,0.9958719766589276,-1.4999204608353873,1.7942078181822039,-2.038800743256245,0
0.5384754781975426,-0.8021545915096441,-0.7472340407804936,3.0034095172994584,-2.5669556855597397,0
0.5973822776264581,-0.790012802081076,-2.5714154115908645,1.684590833831327,-1.791481262478114,0
0.4525460340942969,0.4879054450741863,-2.1454993317670508,1.760736882034681,-1.9418450359029666,0
1.0939250720260654,-0.37418027599018366,-2.1611536335709447,3.1780707720942174,-2.3953261909328756,0
0.3437286920129077,0.37955030461222966,-0.6407360960362878,2.5189663084955103,-2.3332439123510644,0
1.161034610267485,0.9160103197910902,-2.037446412239716,3.319087442721496,-2.386763821585811,0
0.4040552625466085,-1.6698676666737307,-2.053939339659501,1.6015748208376115,-1.8181130543077564,0
0.4816751026223304,-1.4091069277559771,-1.319236931514865,2.2859840034341756,-2.126943406749971,0
0.557219207660733,1.3704096939838664,-0.9254224682478385,2.8364911615848674,-2.430172861544735,0
0.3909676781659366,-0.7296646238211267,-1.7597927671214837,1.8177048566443121,-1.9526195196078382,0
0.5621265175671941,1.4394457151531361,-2.246336793388022,1.7201033403014343,-1.760461649341083,0
0.12708283702773615,-0.3990988538209255,-2.298140160341676,0.8258328087742588,-1.547365208125667,0
-0.08868233552530908,0.297083451490835,-2.00968894215633,0.5485762717963047,-1.4949265360468365,0
0.690082443686791,1.7320492913680818,-2.154229619980627,2.138728485817991,-1.956753264751761,0
1.1204630633496604,-0.8417119460380091,-3.327373406523097,2.223197460809666,-1.8003365667967894,0
-0.18372292471236334,0.9599566744337453,-1.4194663877697455,0.8978119492256473,-1.7877212531612625,0
0.17251844506830524,-1.4961991540760018,-2.477144103875349,0.8433651373760087,-1.5611752714863734,0
0.5041389292823281,-1.1748413083829365,-2.0210226243736673,2.0056938879329347,-2.0672110841058653,0
0.3707506636176796,0.5736870300025537,-0.5629996756762579,2.734474841592336,-2.4855800900678906,0
0.5528628389216682,0.9729965453330005,-1.5746363414440465,2.4033218986606517,-2.233213166126983,0
0.030186872520889904,0.13227279049742133,-1.2311471054017114,1.3182249632133471,-1.8094103470854732,0
0.5873968778436921,1.0499941674505682,-2.2091835586538164,2.0138870844575965,-2.0134355954809036,0
1.3682063321840228,-1.1459005899823282,-3.2041923791070612,2.7934357281757904,-1.9495274205050679,0
-0.4968443576854142,1.9511420482977946,-2.5341338740963435,-0.7845176117199144,-0.9601565859764685,0
0.21993676018174776,0.8455260998852114,-1.80181459597704,1.4594403765537702,-1.8701748108326526,0
1.2443264151395426,-0.10172002555304499,-3.407600522601795,2.3579315403943575,-1.7718649187058075,0
0.6611585333347452,-0.29340551584204505,-2.401242723622932,2.009788372735731,-1.963661712919068,0
0.7631152395088598,-0.17494456600131203,-1.8303520826147985,2.7347020204960195,-2.3387515262159715,0
0.31057078007413985,-0.4678221828322661,-2.6269327763144616,1.1130284728454285,-1.6781296902451677,0
0.6495373931197091,1.1470613778404304,-2.363029240982071,1.8466838951848128,-1.7966037718786831,0
1.2543222219940682,-0.858812727920689,-1.4387691690078124,3.843999510005063,-2.555315537460011,0
0.2831128915231197,0.053307420598760376,-1.0080987430809532,2.050422148088957,-2.081612109736065,0
0.6024300287532083,-0.6382769656971474,-2.1980214228049837,1.986931541398371,-1.9564703221924908,0
0.6172146450576748,1.5055451919058283,-1.411947979599369,2.532625063652892,-2.201788067817141,0
1.217941313325899,0.6729432044950393,-3.312391735963523,2.5576292428556147,-1.9874535333688093,0
0.6078163364665007,0.6795756851606412,-1.9249112986617236,2.156660230124379,-2.0204528190318265,0
0.012354746074043362,0.7526823152860572,-0.8797700640607276,1.6857084212178464,-2.0883463129004767,0
1.009221586135195,-0.6240987123257102,-2.5742395001396132,2.6492397771948077,-2.1371285629003767,0
0.017445109894316087,0.5968621810742627,-1.8182188277441391,1.047331215493951,-1.7723485415797897,0
0.5618402253071481,-0.37366207826417036,-1.6454098979559886,2.3718903580449604,-2.2129865287689165,0
0.16676683395408173,-0.5721940702934435,-0.9926307958676677,1.916487880320523,-2.1237251936107397,0
1.5142323044096633,1.5452571697547433,-3.251631051593973,3.3197842455851245,-2.2834104343700643,0
1.3929248988418728,0.2635467405781687,-3.7325280029364833,2.363220251959618,-1.661884850062759,0
0.13778400973155916,-0.6590067582323337,-1.3834836668283617,1.6770379852464816,-2.07027182653295,0
0.17101587577524968,1.2126082374204565,-1.9971742913232993,1.1482804695114381,-1.6983597787761864,0
0.43592964481587976,0.21160038058850683,-1.0052273280663186,2.636751027113913,-2.4480118052532904,0
0.3259100742661207,-0.8601926954224983,-1.976583862545395,1.644564755115867,-1.9600662334157561,0
0.8361680884097107,-0.2702767610101646,-2.1695056677634876,2.5262261116876403,-2.132426200227924,0
0.3512846735429792,0.05178385119895345,-1.26494131620035,2.1458040826873095,-2.1702890022536487,0
-0.2926998240491735,-0.20429533330183694,-0.48407520758077105,1.4447309121250733,-2.177352868590833,0
-0.00526110672296326,2.220683796583114,-1.6806007650434682,1.0894751189643062,-1.8002796695459669,0
0.41708891266804493,0.6148413973029732,-2.4037343136510922,1.4337542406838009,-1.7558610582683265,0
0.8567991086852871,-0.8071399829793362,-2.9474138269654957,1.8891644439061144,-1.7306637409757342,0
0.4534978931315884,2.765979614439267,-0.8189685311901704,2.7238913070658737,-2.43909532298459,0
1.1003743527703373,-0.22565670321806863,-1.3173554082596617,4.0682080861936205,-2.993322388622044,0
1.15074607875159,-0.8063626971363014,-2.759388691334818,2.854545005014155,-2.1945650500207203,0
0.43788912028552285,-0.3125161606756704,-1.9017246864180155,1.7809599594889869,-1.89275973723562,0
0.2459761869547825,-0.14655853569167893,-0.984565721125028,2.252450380125187,-2.3447356933968377,0
1.001576405380569,-0.34829345358145714,-3.445511456254077,1.9240358721979247,-1.7247446994948716,0
0.18895838428146555,0.8039193308807204,-1.26338000438329,1.8451370073593807,-2.117353444992234,0
-0.020421441304365635,-0.38193227172536476,-0.9197985276308618,1.547319857412909,-2.011713573723829,0
0.3650572552129207,0.5233950169020153,-1.9235961215966593,1.587275334024754,-1.8160358288407166,0
0.4594604406415884,0.5205530577324272,-2.133955819235285,1.79950965030082,-1.9668666236829435,0
0.22872793617290788,-1.8348080296345557,-1.919036418805505,1.3303935838367407,-1.7657417438842533,0
-0.06552738475647865,-0.18561746791792078,-1.1753862437297693,1.1837989960776913,-1.8020099745791216,0
0.6512175522790197,-0.13480087150720985,-1.363523877442963,2.809232200538659,-2.4182310442199233,0
0.5353194760091399,-0.28026910446356673,-1.2459618987134238,2.624451185711591,-2.3668657146002263,0
0.8062547712777174,-0.21645222277144752,-2.280028635018241,2.497495708843074,-2.1934238311086753,0
0.25651131871846045,-0.22064275011577214,-1.4009732538624242,1.7544206049793434,-1.9657361641132223,0
0.21266904756715663,-0.2960461003212362,-1.996326938846263,1.3026454395506404,-1.7924848778952096,0
0.576684920525381,1.346669723754866,-2.6612831325773914,1.4842332738938204,-1.6494712091585226,0
0.07401167930879943,-0.5593299381372452,-0.5644277758796235,2.155969846702005,-2.360165994724673,0
0.014442754220351399,-0.33637866311040404,-2.5415666646863744,0.32055449216431375,-1.2937056170493442,0
1.2016441458548548,-1.1377379958113922,-2.833020693850398,2.819573697972982,-2.103763486234203,0
1.1560411981035823,0.14280939244258323,-4.286342501606921,1.7508571626845788,-1.6170590124817597,0
1.2363965104178245,-1.0122733568370152,-1.7866832210615249,3.817892622258192,-2.691236674557558,0
0.4491158406032986,1.0668700883760402,-1.394607555031481,2.2907243038745957,-2.213788308397028,0
0.6361925027533873,0.12407272571949352,-2.07615646225931,2.042864195344239,-1.9134001012621176,0
0.3328557311330029,1.3791625881974978,-1.1447000286288382,2.176151930675221,-2.1856129351995555,0
0.7861534326537343,-1.5272956904278092,-1.7502091946684573,2.8770281797638377,-2.4198242911538386,0
-0.07834020814027072,0.6198091075303009,-1.2125000433235185,1.2904644127965317,-1.9490329358707053,0
0.6901952273446852,0.06992926714063982,-1.639677648014309,2.5696787603329034,-2.2102281758481856,0
0.6827582006798651,1.8627464923572625,-2.2321010244258757,2.1611342406021445,-2.022188264441909,0
0.5067610526727055,-2.3764328563378636,-1.6593181817658418,2.1633798498909096,-2.088850933217552,0
-0.08117075793760725,1.0146453864394118,-0.9385236417021754,1.4574241621259951,-2.0230970869026534,0
0.7293622998891468,-1.0676348506009778,-2.551407398682145,2.0437673067188222,-1.9466886459710477,0
-0.2771271109540188,-0.17194793491127605,-1.312793500675352,0.8459356378317944,-1.8435525407039626,0
0.7305368801816984,1.2691726564583794,-2.1973277965391893,2.2292102827027156,-2.0027442593349525,0
0.6445173429276181,1.1512196407856137,-1.75805814631589,2.435446637352335,-2.189108498221784,0
0.09706634832088593,0.6356615967509606,-1.005332675701751,1.877176138998621,-2.2003763926806585,0
0.7553748337831223,-0.2855036969711149,-1.0176857750277528,3.4215401716963108,-2.7584352312605587,0
0.6569172564464073,-0.28368469367815263,-1.0700104124652015,2.905420507266342,-2.39666300012097,0
0.1131557865165491,0.47291708452549563,-2.0465878991924433,1.0006822572520209,-1.6563515746725472,0
0.7069351506235726,0.7847815840141892,-0.9399891556346229,3.2794236963405243,-2.657856749331848,0
-0.1517853505392058,1.6224983409010136,-1.9496810984722586,0.4583047105042706,-1.4793497890955418,0
0.8824226530432612,-0.23212931854845434,-1.0316029174526427,3.7043739323914,-2.8546203241461794,0
0.9180212068805359,0.1634054740224038,-2.617022596655752,2.4923594241245617,-2.1368742392804236,0
0.08410593585207454,-0.20631480361932888,0.12481839138821194,2.7131321205192522,-2.6624866661660875,0
0.25358445202788094,1.1817613956614945,-2.7499682135881285,0.8180941842544758,-1.5085081881018623,0
0.6615324699127989,-0.27269458215246056,-1.3909235525952575,2.665328014907134,-2.26107621725418,0
0.4944715868706819,-0.8135303493662359,-2.757825007491456,1.5215901743545415,-1.8592129851840427,0
0.6582250370484527,1.7348318912272276,-0.6058496971169967,3.3665256008445166,-2.699288462946443,0
0.07710755881164916,1.068959535275138,-2.6237436595696035,0.4489856717305609,-1.358590075214499,0
0.3508060537430623,-1.0285765255061254,-3.111200569331279,0.6509550548299519,-1.3148958154306065,0
-0.4465853765082026,-0.657484937966344,-1.2993589606757718,0.3560862532005977,-1.5990806914929816,0
0.7170529177463052,0.25499675067459876,-1.9664308784769244,2.4725013912652094,-2.1908016551194116,0
0.6271113262397414,-0.02302485444650096,-2.203629042036475,2.065831442914704,-2.001412993964425,0
0.17361705959623658,0.7172835811587757,-0.37319526143267834,2.5406601087170655,-2.528560472980298,0
0.8368841557787948,0.8525958032951028,-3.1438296364742087,1.9064269956515962,-1.8568586724983855,0
0.4650926359920327,-0.02974165415538386,-2.2396046610028972,1.7677234660694543,-1.965149005545107,0
0.22251596366519066,-1.3854282681144907,-1.5020555320439077,1.7753099633735872,-2.081776936979062,0
0.35649423144040765,0.10940759902005842,-2.573825968842612,1.0094996482024716,-1.4745463474945648,0
0.2875548356918941,1.2411473438787268,-1.9882424397025105,1.4151472072629256,-1.7860103170359776,0
0.4394114581185725,-0.39814201058847004,-1.159773160855766,2.414075082338307,-2.268340060475742,0
1.1049805074787824,-0.08338014443846556,-2.3096302044503356,2.9448481238052726,-2.189966634684616,0
0.7222525106258607,0.13164456691928453,-1.8880244059719795,2.3807846335882945,-2.055873688786461,0
-0.2220420494740518,0.38196645752409497,-1.3658113363131252,0.9146953650927971,-1.846857685303745,0
0.4919137592290943,-0.5199750884075218,-1.1860909713094614,2.5783542528650134,-2.3657621025919098,0
0.7645499878518456,1.1162463905181252,-0.9123548812479201,3.191681659389756,-2.4617140528908936,0
0.841664362034099,-0.5171830838060685,-1.5927732867186455,3.024382590625185,-2.4237011805167845,0
0.8108841008537084,0.5573042937804867,-2.5655165442367056,2.157763055742577,-1.9395873736699538,0
0.13791748820512856,-0.8522016313215837,-1.658163836462096,1.3607083531644582,-1.8441115090511548,0
1.7432271502125523,0.11127676805327562,-2.362538559877212,4.389598735639894,-2.6916714499501064,0
0.5537722520094481,0.297394853531108,-2.2376464126597475,1.7304915224258717,-1.7815532239292426,0
0.04945360136818568,1.5094576934076902,-1.4363132610093658,1.4082041257005677,-1.9517636640352147,0
0.3156862353414533,1.6263804056686328,-0.6015714580375402,2.6454146355260373,-2.496282249437187,0
0.9382467619376298,-0.08725601318294572,-2.5432076115157867,2.5227888456823555,-2.1075306685376503,0
0.2560824223041405,0.11038963910769706,-1.8980443372844997,1.5819810152004774,-1.9772947105720806,0
0.32809997492546367,1.2613181018500463,-2.6057889063402397,1.0350502200178946,-1.5597255829417516,0
0.8747087039874398,0.3980280299618697,-3.2601341114654008,1.8249079982379792,-1.7548745165957997,0
0.45210309953235445,0.5507877351167638,-0.8034107259105039,2.7963376670894378,-2.511374246538923,0
0.32457579915452506,0.6583925119224902,-0.6066789962125059,2.7677139792599617,-2.6121750828389665,0
0.5838847333271591,-0.26403776199440115,-3.7768465963095563,0.8557792430442783,-1.4088119971750654,0
0.24753716137590034,0.8089247222790114,-2.241726812986028,1.2586515851236797,-1.784486387107295,0
1.1212996739752554,0.6283820360376229,-2.4209914820500127,2.9405745391875144,-2.201997369553657,0
0.2990326209533732,-0.5214010918187526,-1.313066372767774,2.2209285376807615,-2.352404210496964,0
0.75411403674484,0.6084420694741921,-0.7493856602644116,3.4859282866055548,-2.724511925505139,0
0.8295884938069121,-0.7422480135662024,-2.454790175019583,2.2715771684121333,-1.98596567226831,0
1.1186768238064153,-0.3770441691342582,-1.7738705523951623,3.621597285621645,-2.6711631775114264,0
0.0936767277351426,-0.7206260575907678,-2.88826829361003,0.17572743907695942,-1.147061389550216,0
0.17215415862185274,-0.21903181435247787,-1.9527396283473457,1.31286365634891,-1.8520720647210758,0
0.5723934161555648,0.02194380821533224,-2.5197507418281364,1.6250134614727165,-1.749540537842485,0
0.19610196726877646,0.42321237445701776,-2.006948421692759,1.2110992363264033,-1.7273793334416292,0
0.4904830867078188,1.0833404379113156,-1.5290415350517872,2.276830229882062,-2.1840182504831653,0
-0.02269456550031003,-0.45310586798071245,-1.7566377061529035,1.0000495980134523,-1.7640468124044304,0
0.43608343067792216,0.4033003902452816,-2.0351812542294563,1.736107150733197,-1.9001198889824307,0
0.7501939381259205,0.6181091025405885,-1.6417807953912025,2.8882750770169374,-2.448084410754018,0
-0.04381204581345565,-0.828397454793649,-1.561107817976575,1.1441781290796569,-1.8740719142791888,0
0.5144599894680841,-0.9954036030247475,-1.7014237277857849,2.1513939842037093,-2.080039650600856,0
0.6416327939454297,0.34438421737853486,-2.2516624030824586,2.101766854122807,-2.0341140806295344,0
-0.39256809252571445,1.1438367264203908,-2.735381267025802,-0.7138509731840488,-0.9429113039451771,0
-0.5960791324230957,-1.069960156592582,-1.1354529484453844,0.25554641799924394,-1.6726965969339425,0
0.06792751924017015,0.18911121660394065,-1.7242221084346567,1.109425479629166,-1.7193908222790846,0
0.5788604850599972,0.31963267591747646,-3.7242898933272306,0.9100898148954109,-1.4536671975529667,0
0.9894109486176512,0.5767938239138171,-2.548435489237365,2.5857569842539885,-2.0926737663260018,0
0.8598703724265095,1.0366468294192557,-1.290822120396315,3.2715148569299908,-2.536993519255057,0
0.1633267417662147,0.004601087097138987,-0.525016841819542,2.2590620488003545,-2.3083358774611424,0
-0.0033882726150245342,-0.5619462476951015,-0.023749758590345893,2.48177894735484,-2.6188968848280894,0
0.050691121278204306,0.028012915358889258,-1.8060236329088795,1.0108415641844029,-1.6754526371273701,0
0.9532170953324365,-1.156978475142292,-1.5773786176233284,3.307151500963522,-2.5336285420579805,0
0.5062977301629751,-0.13415564209226424,-1.3359046953927636,2.3439714310339976,-2.154304753227346,0
0.4848565302947741,-0.5191573227936902,-1.3022703091086294,2.3199066546003593,-2.150834923568278,0
0.5773817879469453,0.5794189828989692,-2.8093041101899274,1.404733952660621,-1.6220381817619316,0
0.32908167082825246,0.008828138267394708,-1.9316762002741783,1.6142745513501056,-1.9058103458842375,0
-0.13794909979763462,-0.8912169480418995,-0.47113155561634823,1.756265525845098,-2.2483767963030754,0
0.29982464271314174,1.3201841971984174,-2.2863352890994917,1.254996901501474,-1.713094445012739,0
0.3968166046106838,-0.0027502410341822625,-1.8300846222788771,1.77342628772347,-1.9237980409497155,0
0.8498760550621443,0.2954272865648849,-2.2187090065127073,2.520738281234192,-2.12343042678063,0
0.48246875350334023,-1.1687410284931263,-2.4511734672575733,1.7000127826309677,-1.94756729493271,0
0.900093718271689,-1.1874654017384385,-3.3985412434810587,1.7938704897728195,-1.7345593265271806,0
0.33571073011825553,-0.5908170987358049,-2.296042614384402,1.3323808442828482,-1.739862700759863,0
0.4553853984698989,0.4276172815847823,-0.7179435369627476,2.7337236434848293,-2.4073688305369583,0
0.660848902529595,1.182234028938315,-1.6641201639949599,2.538856170925695,-2.2348941157669313,0
-0.3792344740074406,-1.1135192324279926,-1.0654382128022628,0.7333727986192173,-1.7955257149071582,0
-0.15591231855823084,0.5886526793824348,-0.20916691543099453,1.7776637256919159,-2.1988657004690744,0
1.0466163517365306,-0.797813748337336,-3.307601439455537,2.175354066232571,-1.8622260347221455,0
1.2214849319701435,-1.4019080677162379,-3.5713046851660053,2.414715969173261,-1.9316536033106069,0
0.8715634250835005,-1.0372657409627284,-2.390716350351816,2.369481238372695,-1.99592417283148,0
0.08487515522714947,-0.3587659360951468,-1.1508666172893898,1.7050480165017294,-2.095678863197313,0
0.8152866453187799,0.48500129152322796,-2.360204728110874,2.405883279444324,-2.1135867062251807,0
0.583595500933618,-0.719006667681404,-1.912014759455772,2.2820849687131757,-2.1863577208807676,0
0.46789414443130906,-0.18241813553953884,-1.18092213938303,2.5723469861713237,-2.396405429757166,0
0.6718554102923912,0.3562167098144623,-2.436324800788759,1.955102719296307,-1.9024730533040493,0
0.7643718119938598,0.819888153981797,-1.7675912936221012,2.7018772654287853,-2.2780515093224816,0
0.6033768166835247,0.6084077537992262,-1.7489443485439249,2.3854117265999006,-2.199786519933601,0
1.2301866360910738,-0.2515808307655791,-2.6049184363642546,2.9644765656052163,-2.121521213427515,0
0.14115840596299462,1.410213804814408,-2.3208169817941124,0.7493505224098709,-1.4530397308979766,0
0.5808545293926936,0.286194759048022,-2.6671357237328817,1.6707156878223497,-1.8406538289558734,0
0.7699803860357307,-1.4609249386516574,-3.1038291765957124,1.6488372094948505,-1.6795900659040273,0
1.1334830034511518,0.5533635687726227,-3.7610897639521363,1.9391596623266867,-1.6485388834394015,0
0.4579899876594718,-2.664332321074447,-0.9596104727408927,2.6291607843391773,-2.3866791040058946,0
