Principal_Component_1,Principal_Component_2,target
-2.264702808807587,0.4800265965209897,0
-2.0809611519657665,-0.674133556605352,0
-2.3642290538902992,-0.3419080238846755,0
-2.299384217042707,-0.597394507674675,0
-2.3898421663138434,0.6468353829020274,0
-2.0756309481765105,1.4891775233211666,0
-2.444028835134151,0.04764419763001448,0
-2.232847158872014,0.2231480726895922,0
-2.33464047790762,-1.1153276754616654,0
-2.1843281749339405,-0.469013561402375,0
-2.166310100701321,1.04369065305386,0
-2.326130866442697,0.133078335239232,0
-2.218450898822408,-0.7286761653165699,0
-2.6331006957652265,-0.9615067291701621,0
-2.1987406032666885,1.8600571132939312,0
-2.2622145316010194,2.686284485110592,0
-2.2075876958245906,1.4836093631555725,0
-2.190349509192297,0.48883831648632803,0
-1.8985719958028404,1.4050187944665493,0
-2.343369053074991,1.127849381908476,0
-1.9143229960825663,0.40885570775590674,0
-2.207012843194797,0.9241214267468983,0
-2.77434470292733,0.45834366775291574,0
-1.8186695286958479,0.08555852628736643,0
-2.2271633057066373,0.1372544553634276,0
-1.9518463309003746,-0.6256185877766758,0
-2.051151372729414,0.24216355266166742,0
-2.168577174654215,0.5271495253082676,0
-2.13956345130133,0.31321781013995237,0
-2.2652614931542394,-0.33773190376047996,0
-2.140122135647983,-0.5045406901415177,0
-1.831594770676027,0.42369506760378634,0
-2.6149479358589325,1.7935758561044284,0
-2.446177391696513,2.1507278773929244,0
-2.109974875318651,-0.46020184143703663,0
-2.2078088990782643,-0.20610739768843622,0
-2.0451462067542,0.6615581114631085,0
-2.5273319131704843,0.5922927741908097,0
-2.4296325750845447,-0.9041800403761471,0
-2.169710711630662,0.26887896143547135,0
-2.2864751433456685,0.4417153876990503,0
-1.8581224563735703,-2.337415157553347,0
-2.5536383956143545,-0.4791006901223133,0
-1.9644476837637392,0.47232666771926096,0
-2.1370590058116212,1.1422292620394086,0
-2.0697442995918287,-0.7110527253858931,0
-2.384733165778261,1.1204297019845362,0
-2.3943763142196315,-0.3862468725891566,0
-2.229446547942673,0.9979597643079805,0
-2.2038334355191287,0.009216357521276712,0
1.1017811830529478,0.8629724182621589,1
0.7313374253960876,0.5946147256694243,1
1.2409793195158312,0.6162976544374982,1
0.40748305881738495,-1.7544039893234096,1
1.0754747006090781,-0.20842104605096537,1
0.38868733653566495,-0.593283635990075,1
0.7465297413291608,0.773019312098596,1
-0.4873227421256394,-1.8524290868575735,1
0.9279016383549452,0.032226077891153955,1
0.011426188736980394,-1.0340182751294402,1
-0.11019628000062907,-2.6540728185365627,1
0.4406934489830785,-0.06329518843800154,1
0.5621083064431787,-1.7647243806169441,1
0.7195618886754965,-0.18622460583150577,1
-0.03335470317877197,-0.4390032099816245,1
0.8754071908577375,0.5090639567734084,1
0.35025166799508284,-0.1963117345514442,1
0.15881004754797134,-0.792095742432721,1
1.2250936335624314,-1.622243803091501,1
0.16491789938632725,-1.302609230295772,1
0.7376826487712583,0.3965715619602384,1
0.4762871909409714,-0.41732028121355064,1
1.2341780976571488,-0.933325728799278,1
0.6328581997098218,-0.41638772088909926,1
0.7026611831361823,-0.06341181972479996,1
0.8742736538812903,0.2507933929006121,1
1.2565091165418831,-0.07725601969586886,1
1.3584051214406316,0.33131168179089787,1
0.6648003672253948,-0.22592785469484364,1
-0.040258610900595314,-1.058718546553908,1
0.13079517549786057,-1.5622718342099668,1
0.02345268897055084,-1.5724755942167037,1
0.24153827295451097,-0.7772563825848413,1
1.0610946088426139,-0.6338432447349469,1
0.22397877351237988,-0.28777351204320245,1
0.4291391155161609,0.8455822409050779,1
1.0487280512090875,0.5220517968629423,1
1.0445313843962787,-1.382988719190781,1
0.06958832111642316,-0.21950333464771504,1
0.2834772382875754,-1.3293246390695759,1
0.27907777605546097,-1.1200285237424032,1
0.6245697914985715,0.024923029254012553,1
0.3365303701314358,-0.9884040176703596,1
-0.36218338461938315,-2.0192378732386107,1
0.2885862388231574,-0.8557303199870661,1
0.09136065565450557,-0.18119212582577526,1
0.22771686553470022,-0.38492008098735375,1
0.5763882886534787,-0.1548735972165587,1
-0.4476670190286114,-1.5437920343977554,1
0.25673058888758477,-0.5988517961556692,1
1.844568867723029,0.870421312324822,2
1.1578816132057796,-0.6988698623306905,2
2.2052667910753776,0.562010477008355,2
1.4401506638275392,-0.046987588105806874,2
1.8678122203305374,0.29504482445701913,2
2.7518733356662763,0.8004092010275413,2
0.3670176878607245,-1.5615028914765055,2
2.3024394446251963,0.4200655796427761,2
2.006686467676605,-0.7114386535471587,2
2.2597773490125004,1.9210103764598851,2
1.3641754921860079,0.6927564544903865,2
1.6026786704779303,-0.42170044977261734,2
1.8839007017032425,0.41924965060512304,2
1.2601150991975076,-1.1622604214064636,2
1.467645201017324,-0.4422715873770829,2
1.5900773176145657,0.6762448057233194,2
1.471431461133318,0.25562182447147014,2
2.4263289873157006,2.556661250795491,2
3.3106955839338865,0.01778094932062676,2
1.2637666736398279,-1.706745380376267,2
2.0377163014694046,0.9104674096183101,2
0.9779807342494216,-0.571764324812992,2
2.897651490734168,0.4136410595956474,2
1.3332321759732086,-0.4818112186494293,2
1.7007338974912172,1.0139218673227905,2
1.9543267058530707,1.0077775961534516,2
1.1751036315549324,-0.3163944723097911,2
1.020950550695791,0.06434602923956152,2
1.7883499201796655,-0.18736121459082913,2
1.8636475533282608,0.5622907258861443,2
2.435953727922703,0.25928443314428,2
2.3049277218317648,2.626323468232377,2
1.8627032197949553,-0.17854949462549077,2
1.1141477406864746,-0.2929226233357314,2
1.2024733016783904,-0.8113152708396685,2
2.7987704475781077,0.8568033294971049,2
1.5762559101947542,1.0685811073208065,2
1.3462921036270619,0.4224306108525079,2
0.9248249165424194,0.01722310045228383,2
1.85204505176767,0.6761281744365208,2
2.0148104299548755,0.6138856369235742,2
1.901784090262189,0.689575494243002,2
1.1578816132057796,-0.6988698623306905,2
2.0405582280520926,0.8675206009552275,2
1.9981470959523762,1.0491687471841438,2
1.8705032929564103,0.386966081665725,2
1.5645804830303278,-0.8966868088965261,2
1.5211704996278377,0.26906914427795126,2
1.372787789514073,1.0112544185267918,2
0.9606560300371279,-0.02433166816939972,2
