Actual,Predicted
3,0.7188223
4,1.933099
5,3.0621185
6,4.168053
7,5.255123
8,6.288583
9,7.3219714
10,8.353502
11,9.38633
12,10.423456
13,11.460583
14,12.497709
15,13.533646
16,14.563482
17,15.59268
18,16.621616
19,17.650557
20,18.679493
21,19.708431
22,20.737371
23,21.766308
24,22.795244
25,23.824184
26,24.853123
27,25.882063
28,26.911
29,27.939938
30,28.968876
31,29.997814
32,31.026752
33,32.05569
34,33.08463
35,34.113567
36,35.142506
37,36.171444
38,37.200382
39,38.22932
40,39.25826
41,40.287197
42,41.31613
43,42.34507
44,43.374012
45,44.40295
46,45.43189
47,46.460827
48,47.48976
49,48.518703
50,49.547634
51,50.576576
52,51.605515
53,52.63445
54,53.663395
55,54.69233
56,55.721264
57,56.750202
58,57.779144
59,58.808083
60,59.837025
61,60.86596
62,61.8949
63,62.923832
64,63.952778
65,64.981705
66,66.01064
67,67.03958
68,68.06853
69,69.097466
70,70.1264
71,71.15534
72,72.18427
73,73.21322
74,74.24216
75,75.271095
76,76.300026
77,77.32897
78,78.3579
79,79.38685
80,80.41578
81,81.444725
82,82.473656
83,83.5026
84,84.53154
85,85.56047
86,86.58942
87,87.618355
88,88.647285
89,89.67623
90,90.70516
91,91.73411
92,92.76305
93,93.791985
94,94.82092
95,95.849846
96,96.878784
97,97.90772
98,98.93667
99,99.9656
100,100.994545
101,102.02349
102,103.05242
